Display Order,Product Details,ASIN,Segment,Wasp,URL,Image URL,Brand,Price  €,Parent Level Sales,ASIN Sales,Recent Purchases,Parent Level Revenue,ASIN Revenue,,Title Char. Count,BSR,Seller Country/Region,Fees  €,Active Sellers,Ratings,Review Count,Images,Review velocity,Buy Box,Category,Size Tier,Fulfillment,Dimensions,Weight,ABA Most Clicked,Creation Date,Sponsored,Best Seller,Seller Age (mo),Seller
17,"COMPO Wasp Stop - Wasp Spray with Spray Tube - Works Against Wasps and Wasp Nests - Instant and Long-Term Effect - Wasp Spray - 500 ml, Green",B0DVLP2T4Q,Spray,Wasp,https://www.amazon.de/dp/B0DVLP2T4Q?psc=1,https://m.media-amazon.com/images/I/51fU2zHJw8L._AC_SY355_.jpg,Compo,11.42,"5,12","5,12",7,"75,879.47","75,856.43",75856.43,141,4,DE,4.93,7,4.3,"1,639",8,22,Amazon,Garden,Small Parcel,MFN,23.10 x 6.20 x 6.40 cm,0.48,N/A,"Jan 31, 2025",,No,15,Amazon
29,GeckoMan Rotating Head Rechargeable Electric Fly Swatter Electric Extra Strong Electric Fly Swatter Mosquito Trap Insect Killer Insect Catcher with a Telescopic Extension,B0DS8SK65N,Electric,Wasp,https://www.amazon.de/dp/B0DS8SK65N?psc=1,https://m.media-amazon.com/images/I/51US6vz3xSL._AC_SY355_.jpg,GeckoMan,23.94,"1,06",733,400,"32,465.61","21,964.67",21964.67,170,"1,399",CN,8.03,1,4.4,"3,774",7,86,Dan - DE,Garden,Standard Parcel,FBA,44.09 x 3.99 x 27.89 cm,0.74,N/A,"Jan 4, 2025",,No,15,Dan - DE
39,"GeckoMan Quiet Hybrid Spectrum Electric Insect Killer, Electric Fly Trap, Indoor Mosquito Trap, Indoor Fruit Fly Trap, Fly Catcher, Mosquito Lamp, Insect Lamp with 2 Replacement Bulbs",B0BVKGC941,Electric,,https://www.amazon.de/dp/B0BVKGC941?psc=1,https://m.media-amazon.com/images/I/71DTaBll7pL._AC_SY355_.jpg,GeckoMan,39.91,332,296,100,"18,096.27","14,774.44",14774.44,183,"9,303",AMZ,11.79,4,4.3,"2,491",6,N/A,Dan - DE,Garden,Standard Parcel,AMZ,40.11 x 8.20 x 31.70 cm,1.82,N/A,"Apr 3, 2023",,No,36,Dan - DE
72,WOCVRYY Electric Fly Swatter 4000 V 1800 mAh 3-in-1 Automatic Fly Swatter Type C Rechargeable LED with Safety Net Suitable for Indoor and Outdoor Use,B0DCNXYYNB,Electric,,https://www.amazon.de/dp/B0DCNXYYNB?psc=1,https://m.media-amazon.com/images/I/81mBmJTRzPL._AC_SY355_.jpg,WOCVRYY,13.99,896,"1,073",800,"10,854.90","13,169.73",13169.73,149,591,GB,4.13,5,4.4,"1,217",9,492,MENGTING STORE,Garden,Extra Large Envelope,FBA,26.70 x 5.20 x 22.80 cm,0.44,N/A,"Aug 9, 2024",,No,20,MENGTING STORE
51,ASPECTEK Insect Killer - Hygienic Fly Killer - Particularly Suitable for Kitchens and Restaurants - Fast and Chemical Free HR2833,B01KP0V7AQ,Electric,,https://www.amazon.de/dp/B01KP0V7AQ?psc=1,https://m.media-amazon.com/images/I/81ixvZ+uLxL._AC_SY355_.jpg,ASPECTEK,46.99,518,271,100,"20,455.84","11,244.46",11244.46,129,"4,285",CA,12.02,1,4.2,"16,636",10,224,Deals_Republic,Garden,Standard Parcel,FBA,40.62 x 10.80 x 34.00 cm,1.99,N/A,"Jul 1, 2018",,No,93,Deals_Republic
8,YISSVIC Electric Fly Swatter Extra Strong 4000 V 2-in-1 USB C with Battery Rechargeable Electric Mosquito Swatter with UV Light Trap Black,B0BMWWGNXG,Electric,,https://www.amazon.de/dp/B0BMWWGNXG?psc=1,https://m.media-amazon.com/images/I/7114hDWE-mL._AC_SY355_.jpg,Yissvic,19.99,693,613,700,"14,344.51","11,206.77",11206.77,138,269,N/A,6.44,2,4.4,"13,215",10,N/A,DTLUIGI,Garden,Standard Parcel,FBA,44.40 x 4.20 x 28.10 cm,0.52,N/A,"mar 30, 2023",,No,37,DTLUIGI
62,"Buzbug LED Insect Killer Electric Indoor & Outdoor Use, Up to 50, 000 Hours, Dual Band Attraction, 1.7 m Power Cable, High Voltage Fly Trap Electric & Mosquito Lamp, Insect Lamp, MO-008C",B0CNRRD8DW,Electric,,https://www.amazon.de/dp/B0CNRRD8DW?psc=1,https://m.media-amazon.com/images/I/716+LRKWAcL._AC_SY355_.jpg,Buzbug,33.99,298,298,100,"11,070.64","11,070.50",11070.5,186,"5,863",CN,10.07,3,4.2,"6,273",6,202,ZHENYIDA-US,Garden,Standard Parcel,FBA,37.30 x 17.50 x 22.80 cm,1.04,N/A,"Jan 29, 2026",,No,3,ZHENYIDA-US
70,ARDAP Repell Wasp Spray 400 ml - Wasp Repellent - Anti Wasp Outdoor - Wasp Spray Instant Effect - Insect Spray Wasps - Spray Against Wasps - Works Quickly and Effectively (PT19),B0DG5YDWJB,Spray,Wasp,https://www.amazon.de/dp/B0DG5YDWJB?psc=1,https://m.media-amazon.com/images/I/61t-hX5Sr3L._AC_SY355_.jpg,ARDAP,10.71,"8,358",686,900,"131,279.12","9,703.02",9703.02,177,9,AMZ,5.19,12,4.1,535,5,N/A,Amazon,Garden,Extra Large Envelope,AMZ,25.00 x 5.00 x 5.00 cm,0.34,N/A,"Sep 5, 2024",,No,19,Amazon
17,"ASPECTEK Electric Insect Killer 20 W 2800 V - UV Mosquito Trap & Fly Trap for Indoor, Insect Lamp Against Mosquitoes & Flies for Kitchen, Living Room & Office, High Voltage Grid",B01ACKXR5M,Electric,,https://www.amazon.de/dp/B01ACKXR5M?psc=1,https://m.media-amazon.com/images/I/81E77XuKdYL._AC_SY355_.jpg,ASPECTEK,30.25,518,222,100,"20,455.84","8,213.71",8213.71,177,"4,285",CA,10.31,1,4.2,"16,636",9,224,Deals_Republic,Garden,Standard Parcel,FBA,44.00 x 10.90 x 28.50 cm,1.68,N/A,"Jun 29, 2018",,No,94,Deals_Republic
40,Electric Fly Swatter Electric Fly Catcher Insect Killer Mosquito Swatter Test Winner Customer Satisfaction (Single: 1 Piece),B00AE6XK3O,Electric,Wasp,https://www.amazon.de/dp/B00AE6XK3O?psc=1,https://m.media-amazon.com/images/I/71SwHPiWQkL._AC_SY355_.jpg,GOODS+GADGETS,8.38,863,650,300,"11,650.32","7,790.25",7790.25,124,"1,188",DE,4.29,2,3.9,"2,066",9,27,Goods & Gadgets GmbH,Garden,Standard Parcel,MFN,44.00 x 5.20 x 16.70 cm,0.16,N/A,"Dec 16, 2016",,No,112,Goods & Gadgets GmbH
59,"4000 V Electric Fly Swatter with Charging Station, 2-in-1 USB with Battery Rechargeable Electric Mosquito Swatter with Light Trap, Mosquito Black (White, Pack of 2)",B0F3Y54M5W,Electric,,https://www.amazon.de/dp/B0F3Y54M5W?psc=1,https://m.media-amazon.com/images/I/71P78PvNTHL._AC_SY355_.jpg,Bavmosek,33,830,274,100,"19,796.63","7,599.04",7599.04,164,"9,541",CN,8.77,1,4.4,225,10,1,Keenleader Shop,Garden,Standard Parcel,FBA,44.10 x 6.30 x 23.80 cm,0.9,N/A,"Jul 14, 2025",,No,9,Keenleader Shop
39,"AMZ BRAND Ultrasonic Pest Repeller Pack of 2 - Powerful Mouse Repellent - 3 Working Modes - Wide Frequency Range - Ideal for Mice, Rats, Mosquitoes, Cockroaches, Moths, Ants",B0DML461HN,Repellent,,https://www.amazon.de/dp/B0DML461HN?psc=1,https://m.media-amazon.com/images/I/81w8zM0mOiL._AC_SY355_.jpg,AMZ BRAND,39.99,238,238,100,"7,211.93","7,209.48",7209.48,173,"11,147",N/A,8.38,1,4,"1,402",6,20,PureValueGoods,Health & Personal Care,Small Parcel,FBA,10.50 x 6.50 x 9.20 cm,0.14,N/A,"Dec 19, 2024",,No,16,PureValueGoods
42,"Electric Electric Fly Swatter 5000 V, Extra Strong Electric Fly Swatter, 2-in-1 USB Type-C Electric Mosquito Swatter with Battery Rechargeable & UV Light Trap for Mosquitoes, Flies, Wasps, Moths",B0CT8QSYT5,Electric,Wasp,https://www.amazon.de/dp/B0CT8QSYT5?psc=1,https://m.media-amazon.com/images/I/61jqW2awMNL._SX342_.jpg,YOUBST,22.09,312,259,300,"8,731.30","6,362.06",6362.06,194,"1,219",CN,8.39,1,4.5,448,8,0,YouBJ-EU,Garden,Standard Parcel,FBA,44.40 x 4.80 x 23.10 cm,0.55,N/A,"Jan 25, 2024",,No,27,YouBJ-EU
18,"SWISSINNO Wasp Trap with Attractant - Reusable Trap with Bait Portion, Free of Classified Chemicals, for Garden, Patio, Balcony, Playground, Rubbish Area - Hanging or Standing",B005AUMQKW,Lure,Wasp,https://www.amazon.de/dp/B005AUMQKW?psc=1,https://m.media-amazon.com/images/I/81IDOVVSPrL._AC_SY355_.jpg,SWISSINNO,10.5,683,485,200,"7,848.75","6,051.29",6051.29,175,936,AMZ,4.25,18,3.8,"1,159",12,14,Amazon,Garden,Small Parcel,AMZ,18.10 x 9.20 x 10.20 cm,0.02,N/A,"Aug 16, 2011",,No,176,Amazon
22,YISSVIC Electric Fly Swatter Extra Strong 4000 V 2-in-1 USB C with Battery Rechargeable Electric Mosquito Swatter with UV Light Trap Mosquito White,B0BMWW67VQ,Electric,,https://www.amazon.de/dp/B0BMWW67VQ?psc=1,https://m.media-amazon.com/images/I/71Odri8NXqL._AC_SY355_.jpg,Yissvic,19.99,693,317,100,"14,344.51","5,669.40",5669.4,147,269,N/A,6.27,2,4.4,"13,215",10,N/A,DTLUIGI,Garden,Small Oversize,FBA,52.70 x 4.90 x 23.30 cm,0.4,N/A,"Dec 12, 2022",,No,40,DTLUIGI
43,"Loowoko Insektenvernichter Elektrisch, 4200V Mückenlampe Mit LED-Licht, Wasserdicht Fliegenfalle Elektrisch Mosquito Killer, Anti Mücken Lampe für Innen Outdoor Schlafzimmer Haus Patio Hinterhof",B0CT2T8GBK,Electric,,https://www.amazon.de/dp/B0CT2T8GBK?psc=1,https://m.media-amazon.com/images/I/71iweeOnohL._AC_SY355_.jpg,Loowoko,33.99,216,173,100,"7,161.98","5,496.19",5496.19,194,"3,931",CN,8.36,2,4.2,"1,036",7,11,Fangfa,Garden,Standard Parcel,FBA,28.30 x 15.20 x 15.20 cm,0.9,N/A,"mar 5, 2024",,No,25,Fangfa
63,"2026 4-IN-1 Elektrische Mückenfalle【320% Mehr Tötungen – US-Labor Geprüft】Fliegenfalle Elektrisch【62dB – 27% Leiser Als Standard】30h Insektenvernichter Elektrisch für Haus, Garten, Camping etc",B0GD6QT69Z,Electric,,https://www.amazon.de/dp/B0GD6QT69Z?psc=1,https://m.media-amazon.com/images/I/81+kQ01MBeL._SX342_.jpg,kyut,23.52,181,181,50,"5,029.10","5,027.74",5027.74,192,"38,019",CN,7.75,1,3.4,3,8,N/A,guang zhou xing yi mao yi you xian gong si,Garden,Small Parcel,FBA,17.70 x 10.90 x 11.00 cm,0.41,N/A,"Dec 30, 2025",,No,4,guang zhou xing yi mao yi you xian gong si
44,"Electric Insect Killer, Powerful 3500 V & 20 W UV Electric Fly Trap, Mosquito Lamp with Washable Tray and Hanging Chain, Suitable for Bedroom, Living Room, Dining Room",B0FG7KTRHQ,Electric,,https://www.amazon.de/dp/B0FG7KTRHQ?psc=1,https://m.media-amazon.com/images/I/614aEkt4NlL._AC_SY355_.jpg,Tebies,31.44,294,152,50,"9,739.06","4,930.98",4930.98,167,"6,473",HK,8.83,1,4.4,110,9,27,Tebies,Garden,Standard Parcel,FBA,42.29 x 8.10 x 29.60 cm,1.38,N/A,"Jan 26, 2026",,No,3,Tebies
30,H+H Fly Repellent 3 Pieces | Insect Fan | Mosquito Fan Table | Fly Repellent Outdoor | Fly Repellent Table Fan | Fly Fan | Wasp Fan | Fly Deterrent Patio,B0DYNNMXHV,Repellent,Wasp,https://www.amazon.de/dp/B0DYNNMXHV?psc=1,https://m.media-amazon.com/images/I/61dllUT0saL._AC_SY355_.jpg,Olympia,19.99,355,264,100,"6,372.02","4,912.67",4912.67,153,"1,522",DE,7.62,1,4.3,137,7,2,addtronic,Garden,Small Oversize,MFN,30.00 x 40.00 x 40.00 cm,0.2,N/A,"mar 6, 2025",,No,13,addtronic
35,"Insektenvernichter, 4200V 4000mAh Mückenlampe mit UV-Licht, Insektenfalle Moskito Killer, Fliegenfalle Elektrisch Mückenfalle für Innen Außen, IPX4, Anti Mücken, Fliegen, Motten",B0GF1Y319J,Electric,,https://www.amazon.de/dp/B0GF1Y319J?psc=1,https://m.media-amazon.com/images/I/71tTE7h7pPL._AC_SX355_.jpg,Tiptop Home,29.99,178,160,N/A,"5,332.07","4,805.57",4805.57,177,"4,143",CN,5.77,2,5,39,7,4,MaKaBaKaDianZiShangWu,Garden,Small Parcel,FBA,22.00 x 11.90 x 12.00 cm,0.35,N/A,"Apr 9, 2026",,No,0,MaKaBaKaDianZiShangWu
38,"Electric Insect Killer, 2-in-1 Mosquito Lamp Battery, Mosquito Trap Electric, Fly Trap, Electric USB, 360° UV Mosquito Killer Lamp for Kitchen, Indoor, Outdoor, Camping (Rechargeable, Black)",B0GBVMJG73,Electric,,https://www.amazon.de/dp/B0GBVMJG73?psc=1,https://m.media-amazon.com/images/I/61rsh4xFWQL._AC_SY355_.jpg,YwuLy,22.99,228,228,100,"4,352.47","4,350.12",4350.12,190,"10,55",CN,7.99,1,4.7,6,9,1,Lingyangmaoyi,Garden,Small Parcel,FBA,17.80 x 10.70 x 10.90 cm,0.39,N/A,"mar 12, 2026",,No,1,Lingyangmaoyi
55,"PALONE Electric Fly Swatter Insect Killer, 4000 V Electric Mosquito Swatter UV Mosquito Lamp Mosquitoes, 2 in 1 USB Electric Fly Catcher Insect Trap with Charging Base",B08VJ7WBRK,Electric,,https://www.amazon.de/dp/B08VJ7WBRK?psc=1,https://m.media-amazon.com/images/I/719XSgiZwqL._AC_SY355_.jpg,PALONE,16.99,197,212,100,"4,749.63","4,100.15",4100.15,167,"1,998",CN,4.09,9,4.4,"6,142",8,"4,536",ABK-EU Store,Garden,Standard Parcel,FBA,44.20 x 5.40 x 23.80 cm,0.52,N/A,"May 17, 2021",,No,59,ABK-EU Store
50,"Schellenberg 50328 Fly Screen for Roof Windows with Zip, Insect Protection, 150 x 180 cm, UV-stable, Easy to Install, No Drilling, Includes Adhesive Strips, White",B006JJ3DEG,Electric,,https://www.amazon.de/dp/B006JJ3DEG?psc=1,https://m.media-amazon.com/images/I/61CbG4Y59mL._AC_SY355_.jpg,Schellenberg,10.5,"1,087",671,500,"14,088.28","4,045.69",4045.69,162,"1,387",AMZ,5.07,12,4.1,"8,07",6,14,Amazon,DIY & Tools,Small Parcel,AMZ,22.30 x 7.20 x 10.90 cm,0.16,N/A,"Dec 16, 2011",,No,172,Amazon
41,"Electric Insect Killer 3500 V - 30 W UV Mosquito Lamp, Mosquito Trap Catches Insects, Mosquitoes and Flies, Electric Fly Trap for Home, Office, Patio, Garden, Non-Toxic & Pest Control",B0FXDRN5JQ,Electric,,https://www.amazon.de/dp/B0FXDRN5JQ?psc=1,https://m.media-amazon.com/images/I/611ulYWDzyL._AC_SY355_.jpg,Tebies,33.99,294,105,N/A,"9,739.06","3,663.44",3663.44,183,"6,473",HK,10.19,1,4.4,110,9,22,Tebies,Garden,Small Oversize,FBA,53.50 x 8.50 x 31.00 cm,1.7,N/A,"Jan 29, 2026",,No,3,Tebies
70,Clatronic Electric Insect Killer | Mosquito Trap Day & Night | for up to 50 m² | Mosquito Lamp without Chemicals or Fragrances | Electric Fly Trap Including Cleaning Brush | Light Trap ISL 3823,B0F9L4S1T5,Electric,,https://www.amazon.de/dp/B0F9L4S1T5?psc=1,https://m.media-amazon.com/images/I/71X7ijMEePL._AC_SY355_.jpg,Clatronic,16.76,167,167,50,"3,329.23","3,328.71",3328.71,193,"11,939",AMZ,5.05,7,4.2,17,7,1,Amazon,Garden,Small Parcel,AMZ,24.60 x 11.30 x 11.50 cm,0.57,N/A,"May 23, 2025",,No,11,Amazon
49,"2-Pack Quiet Hybrid Spectrum Electric Insect Killer, Electric Fly Trap, Indoor Mosquito Trap, Indoor Fruit Fly Trap, Fly Catcher, Mosquito Lamp, Insect Lamp with 4 Replacement Bulbs",B0BVKH8QJY,Electric,,https://www.amazon.de/dp/B0BVKH8QJY?psc=1,https://m.media-amazon.com/images/I/71DTaBll7pL._AC_SY355_.jpg,GeckoMan,71.84,332,37,N/A,"18,096.27","3,321.20",3321.2,181,"9,303",CN,18.72,1,4.3,109,6,N/A,Dan - DE,Garden,Standard Parcel,FBA,40.41 x 15.70 x 31.70 cm,3.52,N/A,"May 16, 2023",,No,35,Dan - DE
44,"PALONE Electric Insect Killer 20 W 4500 V, Insect Trap Mosquito Lamp with UV Light, No Toxic Chemicals, Effective for Reducing Flying Insects for Indoor Bedrooms and Gardens",B08YNHPHCQ,Electric,,https://www.amazon.de/dp/B08YNHPHCQ?psc=1,https://m.media-amazon.com/images/I/71lHHaOYb-L._AC_SY355_.jpg,PALONE,28.99,104,104,50,"3,280.12","3,279.54",3279.54,173,"5,914",CN,9.06,9,4.3,"4,226",9,"3,74",ABK-EU Store,Garden,Standard Parcel,FBA,29.10 x 17.70 x 17.80 cm,0.78,N/A,"May 8, 2021",,No,59,ABK-EU Store
36,YISSVIC Electric Fly Swatter Extra Strong 4000 V 2-in-1 USB C with Battery Rechargeable Electric Mosquito Swatter with UV Light Trap Black Pack of 2,B0C5R5YHMZ,Electric,,https://www.amazon.de/dp/B0C5R5YHMZ?psc=1,https://m.media-amazon.com/images/I/81rYp7SbqYL._AC_SY355_.jpg,Yissvic,39.99,693,97,50,"14,344.51","3,222.86",3222.86,148,269,GB,8.72,2,4.4,"13,215",10,N/A,HUNDRED SALE LIMITED,Garden,Standard Parcel,FBA,44.10 x 4.70 x 29.40 cm,0.86,N/A,"Sep 24, 2023",,No,31,HUNDRED SALE LIMITED
50,Yissvic Electric Fly Swatter Extra Strong 4000 V with LED Lighting and Battery Rechargeable Black and Blue,B0CPLQRWBG,Electric,Wasp,https://www.amazon.de/dp/B0CPLQRWBG?psc=1,https://m.media-amazon.com/images/I/71DCuXV9oZL._AC_SY355_.jpg,Yissvic,16.99,313,239,100,"4,264.29","3,180.98",3180.98,106,"13,821",N/A,N/A,3,4.4,"1,479",9,69,DTLUIGI,Garden,Standard Parcel,FBA,44.00 x 3.90 x 28.30 cm,0.42,N/A,"Dec 8, 2023",,No,28,DTLUIGI
58,"PROTECT HOME Wasp Nest Blocker for Preventing Wasp Nests with Immediate Effect and Sustainable Effect Over Several Days, 400 ml Can with Spray Tube",B0DQ9B3Z5C,Spray,Wasp,https://www.amazon.de/dp/B0DQ9B3Z5C?psc=1,https://m.media-amazon.com/images/I/6152oj8pl1L._AC_SY355_.jpg,PROTECT HOME,13.4,196,196,100,"3,123.28","3,121.22",3121.22,147,"4,715",DE,6.06,5,3.6,130,8,0,die flora - Seit 40 Jahren Ihr Gartenprofi!,Garden,Small Parcel,MFN,21.80 x 6.60 x 6.60 cm,0.51,N/A,"Dec 12, 2024",,No,16,die flora - Seit 40 Jahren Ihr Gartenprofi!
24,"seenlast Insektenvernichter elektrisch, Mückenlampe 4200V Fliegenfalle elektrisch mit 15W UV + 9W LED Mückenfalle, IPX4 wasserdicht, Mückenabwehr für drinnen/draußen (3m-Kabel)",B0DRJHXB5R,Electric,,https://www.amazon.de/dp/B0DRJHXB5R?psc=1,https://m.media-amazon.com/images/I/8174pLLtBpL._AC_SY355_.jpg,seenlast,41.99,137,88,100,"4,646.10","3,072.53",3072.53,176,"3,791",CN,9.19,4,4.3,"2,496",9,74,Seelast,Garden,Standard Parcel,FBA,28.40 x 15.70 x 16.00 cm,1,N/A,"Feb 28, 2025",,No,14,Seelast
43,Insect Killer Mosquito Trap 4000 mAh Electric USB Rechargeable Mosquito Killer Electric Lamp Fly Trap Insect Protection Indoor Outdoor Pest Control Attractant for Backyard,B0GHDPSS2T,Electric,,https://www.amazon.de/dp/B0GHDPSS2T?psc=1,https://m.media-amazon.com/images/I/71kKGu-vccL._AC_SY355_.jpg,Tiptop Home,29.99,229,100,50,"6,863.44","3,004.84",3004.84,171,"5,867",CN,8.99,5,4.6,62,9,21,Thehomeuse-EU,Garden,Small Parcel,FBA,21.70 x 11.40 x 11.60 cm,0.41,N/A,"mar 19, 2026",,No,1,Thehomeuse-EU
56,"VapoWesp Smoker Box Against Wasps and Mosquitoes Outdoor Aromatised Coffee Smoke Repels Annoying Insects Naturally, Enjoy Relaxed Hours Outdoors, Orange & Rosemary Powder",B09XB5H6YC,Repellent,Wasp,https://www.amazon.de/dp/B09XB5H6YC?psc=1,https://m.media-amazon.com/images/I/6143V0YwipL._AC_SY355_.jpg,VapoWesp,25.2,110,110,50,"2,962.44","2,961.25",2961.25,170,"8,231",DE,8.39,5,3.9,812,6,0,DSIMPACT,Garden,Small Parcel,MFN,18.80 x 9.80 x 17.80 cm,0.81,N/A,"Apr 6, 2022",,No,48,DSIMPACT
53,"2026 Upgraded Solar Electric Fly Trap Electric 【DE-Lab #1 Dual Wave】Electric Insect Killer 30% Less Bang, Gentle】Electric Fly Swatter for Home, Garden, Camping etc",B0GDXLY5ZY,Electric,,https://www.amazon.de/dp/B0GDXLY5ZY?psc=1,https://m.media-amazon.com/images/I/816SZIv6VsL._SX342_.jpg,Zentria,30.24,78,78,50,"2,927.28","2,927.11",2927.11,163,"10,055",N/A,8.9,1,5,9,8,N/A,JIASUDA-EN,Garden,Small Parcel,FBA,18.90 x 11.70 x 11.90 cm,0.49,N/A,"Jan 4, 2026",,No,3,JIASUDA-EN
47,"PALONE Electric Insect Killer, Mosquito Trap, 20 W, 4500 W, UV Mosquito Lamp, Mosquito Protection, Fly Trap, Electric Fly Catcher, Insect Trap, Non-Toxic, Odourless, for Indoor and Eaves",B09PN4LN17,Electric,,https://www.amazon.de/dp/B09PN4LN17?psc=1,https://m.media-amazon.com/images/I/714IsAK9dNL._AC_SY355_.jpg,PALONE,28.99,86,86,N/A,"2,871.70","2,871.28",2871.28,186,"19,25",CN,8.96,4,4.4,"2,14",10,N/A,ABK-EU Store,Garden,Standard Parcel,FBA,29.20 x 17.80 x 17.80 cm,0.82,N/A,"Apr 19, 2022",,No,48,ABK-EU Store
64,"DANGZW Electric Fly Swatter, 2 in 1 3000 V USB Rechargeable Fly Swatter Electric with Charging Base, Electric Fly Catcher, Insect Killer for Mosquitoes, Flies, Bees, Moths",B08G8FRBT6,Electric,,https://www.amazon.de/dp/B08G8FRBT6?psc=1,https://m.media-amazon.com/images/I/71rwNOd-76S._SX342_.jpg,DANGZW,29.99,140,104,N/A,"4,273.10","2,826.64",2826.64,171,"11,564",CN,8.48,1,4.4,"3,755",7,14,DIGDAN STORE,Garden,Small Oversize,FBA,54.90 x 4.00 x 25.00 cm,0.33,N/A,"Sep 2, 2020",,No,67,DIGDAN STORE
40,"Wasp Trap with 2 x 50 ml Attractant - No Insecticides, for Indoor and Outdoor Use - Effective up to 6 Weeks - Against Wasps, Hornets, Flies & Fruit Flies, PT19 Attractant - Made in EU",B0FHHDRW5F,Lure,Wasp,https://www.amazon.de/dp/B0FHHDRW5F?psc=1,https://m.media-amazon.com/images/I/716f9IbvPbL._AC_SY355_.jpg,Panteer,15.99,171,171,100,"2,733.81","2,731.99",2731.99,183,"14,052",DE,5.81,1,3.4,73,7,0,Panteer GmbH,Garden,Small Parcel,FBA,22.10 x 11.00 x 21.10 cm,0.32,N/A,"Jul 21, 2025",,No,9,Panteer GmbH
58,"Electric Fly Swatter Insect Killer 4000 V, Electric Mosquito Swatter and UV Mosquito Lamp 2 in 1, USB Fly Catcher Insect Trap, for Indoor Kitchen Gardens",B0B28X4155,Electric,,https://www.amazon.de/dp/B0B28X4155?psc=1,https://m.media-amazon.com/images/I/71fqDiayvEL._AC_SY355_.jpg,TMACTIME,16.99,1,132,50,19.62,"2,636.74",2636.74,153,"14,804",CN,5.5,3,4.5,"3,048",9,N/A,TMACTIME Offizieller Store,Garden,Standard Parcel,FBA,44.20 x 5.20 x 23.90 cm,0.53,N/A,"Jul 14, 2022",,No,45,TMACTIME Offizieller Store
46,"PALONE Electric Insect Killer 20 W 4300 V for Indoor and Outdoor Use, Strong Electric Mosquito Lamp with UV Light, Powerful, Insect Fly Trap for Home, Backyard, Patio",B08YN6RNKV,Electric,,https://www.amazon.de/dp/B08YN6RNKV?psc=1,https://m.media-amazon.com/images/I/71uXbvhr0XL._AC_SY355_.jpg,PALONE,28.99,76,76,50,"2,515.26","2,514.95",2514.95,166,"22,896",CN,8.8,5,4.2,"1,911",7,"1,506",PALONE Offizieller Store-FL,Garden,Standard Parcel,FBA,28.50 x 16.80 x 17.70 cm,1,N/A,"May 29, 2021",,No,59,PALONE Offizieller Store-FL
28,"Electric Insect Killer with LED Lamp, Mosquito Lamp 4200 V with 15 W UV Lamp, Mosquito Repellent, IPX4 Waterproof, Electric Fly Trap for Mosquitoes, Moths, Flies",B0CNH3CC5K,Electric,,https://www.amazon.de/dp/B0CNH3CC5K?psc=1,https://m.media-amazon.com/images/I/81MsKg1DXSL._AC_SY355_.jpg,WUEAOA,23.71,132,74,200,"4,388.32","2,362.60",2362.6,161,"1,106",CN,N/A,1,4.3,"3,284",8,"1,272",yingtan,Garden,Standard Parcel,FBA,28.60 x 15.10 x 15.40 cm,0.94,N/A,"Jan 6, 2024",,No,27,yingtan
65,"Loowoko Mosquito Lamp, Electric Insect Killer, 4200 V, 15 W Mosquito Killer with LED Light, Electric Fly Trap, Mosquito Killer, Insect Lamp, 1.5 m Cable, IPX4",B0DRNFVGSK,Electric,,https://www.amazon.de/dp/B0DRNFVGSK?psc=1,https://m.media-amazon.com/images/I/71OgliGKv0L._SX342_.jpg,Loowoko,30.99,77,77,N/A,"2,357.93","2,357.05",2357.05,158,"36,242",CN,9.57,1,4.3,362,8,24,Fangfa,Garden,Standard Parcel,FBA,27.50 x 14.00 x 15.50 cm,0.91,N/A,"Dec 27, 2024",,No,16,Fangfa
41,"Electric Insect Killer, Mosquito Trap, Mosquito Lamp, Battery, Fly Trap, Electric USB, Electric Insect Lamp Indoor/Outdoor, Rechargeable Insect Trap, Mosquito Killer (Grey)",B0G8VFC8VM,Electric,,https://www.amazon.de/dp/B0G8VFC8VM?psc=1,https://m.media-amazon.com/images/I/81THckKdhWL._AC_SY355_.jpg,Bseical,13.42,179,179,100,"2,354.93","2,353.09",2353.09,172,"2,86",CN,4.67,1,4.4,73,6,61,hongenerlu,Garden,Small Parcel,FBA,14.20 x 9.20 x 9.50 cm,0.19,N/A,"mar 5, 2026",,No,1,hongenerlu
63,"ISOTRONIC Wasp Repellent for Wasps & Moths Repel, Natural Wasp Protection with Ultrasound & Alternating Frequency, Moth Repellent with 50 m² Effective Area (Pack of 1)",B07BB3HPY1,Repellent,Wasp,https://www.amazon.de/dp/B07BB3HPY1?psc=1,https://m.media-amazon.com/images/I/81SVhdMEztL._AC_SY355_.jpg,ISOTRONIC,32.62,56,56,N/A,"1,955.64","1,955.53",1955.53,167,"18,182",DE,8.82,1,2.6,381,8,3,Internetz24,Garden,Small Parcel,FBA,10.50 x 6.20 x 8.20 cm,0.17,N/A,"mar 7, 2018",,No,97,Internetz24
56,"Gardigo Wasp Repeller, Set of 2, Fly Repeller with Unique Bowl, Protection from Flies, Wasps, Mosquito, Other Insects",B09BNRPS75,Repellent,Wasp,https://www.amazon.de/dp/B09BNRPS75?psc=1,"https://m.media-amazon.com/images/I/71hD7LfDVKL._AC_SY355_PIbundle-2,TopRight,0,0_SH20_.jpg",Gardigo,25.9,72,72,N/A,"1,927.05","1,926.21",1926.21,117,"7,118",DE,7.71,2,3.9,920,8,2,tevigo GmbH - Preise inkl. MwSt,Garden,Small Parcel,FBA,26.00 x 8.70 x 16.60 cm,0.41,N/A,"Aug 2, 2021",,No,56,tevigo GmbH - Preise inkl. MwSt
52,"Aspectek Anti-Mosquito Lamp 40 W UV Insect Killer Electric, Pest Repeller Against Food Moths, Food Moths, Kitchen Moths, Mosquitoes, Flying Insects in Kitchen, Garden, Chemical-Free",B06XSS2JPM,Electric,,https://www.amazon.de/dp/B06XSS2JPM?psc=1,https://m.media-amazon.com/images/I/71RSlnGbjDL._AC_SY355_.jpg,ASPECTEK,52.99,39,39,N/A,"1,911.42","1,911.17",1911.17,181,"105,193",CA,N/A,1,4.4,"1,482",7,N/A,Deals_Republic,Garden,Standard-Oversize,FBA,69.40 x 9.70 x 30.50 cm,2.62,N/A,"Jun 30, 2018",,No,94,Deals_Republic
19,Wasp Repellent with Special Attractant: The Wasp Trap is Safe for Humans,B0BYDJ6BNM,Lure,Wasp,https://www.amazon.de/dp/B0BYDJ6BNM?psc=1,https://m.media-amazon.com/images/I/61g4YSV+75L._AC_SY355_.jpg,ARDAP,15.99,174,121,50,"3,431.37","1,859.31",1859.31,72,"4,989",AMZ,4.47,5,3,233,5,15,Amazon,Garden,Small Parcel,AMZ,17.30 x 9.80 x 10.00 cm,0.2,N/A,"mar 14, 2023",,No,37,Amazon
52,"Insektenvernichter Elektrisch, 4200V Mückenlampe wandmontage, mit 3 UVA LED, Elektrische Fliegenfalle, Mückenvernichter, Anti Mücken Lampe, Fliegenfänger Insektenfalle für Innen Außen",B0GJ4ZK15T,Electric,,https://www.amazon.de/dp/B0GJ4ZK15T?psc=1,https://m.media-amazon.com/images/I/71NAUkwmR-L._AC_SY355_.jpg,Handylit,32.76,46,46,N/A,"1,834.07","1,83",1834,183,"11,008",N/A,9.41,1,5,4,8,0,Handylit,Garden,Standard Parcel,FBA,37.60 x 8.10 x 26.70 cm,0.93,N/A,"Apr 2, 2026",,No,0,Handylit
8,"COMPO Wasp Traps Bait Refill Pack, Natural Ingredient, Insecticide Free, 2 x 125ml Bottles",B09GW27BR2,Lure,Wasp,https://www.amazon.de/dp/B09GW27BR2?psc=1,https://m.media-amazon.com/images/I/71j8CvWiZZL._AC_SY355_.jpg,Compo,8.82,663,217,50,"5,325.30","1,832.81",1832.81,90,"2,113",N/A,3.98,9,4.2,114,8,0,,Garden,Extra Large Envelope,MFN,15.30 x 4.40 x 9.40 cm,0.31,N/A,"Sep 22, 2021",,No,55,
9,"SWISSINNO Wespenköder für Wespenfalle – 2er Set, auf Lebensmittelbasis, wirksamer Lockstoff für den Außenbereich, geeignet für SWISSINNO Wespenfallen, hergestellt in der EU",B000PKIHO6,Lure,Wasp,https://www.amazon.de/dp/B000PKIHO6?psc=1,https://m.media-amazon.com/images/I/81gK6ft02cL._AC_SY355_.jpg,SWISSINNO,9.49,683,198,50,"7,848.75","1,790.81",1790.81,172,937,AMZ,3.14,7,3.8,"1,159",10,13,Amazon,Garden,Standard Envelope,AMZ,13.00 x 2.00 x 9.20 cm,0.12,N/A,"mar 25, 2015",,No,133,Amazon
70,"Electric Insect Killer, 2 Pieces, with Double Grid, XXL, 2400 V 20 W, 4 T8 Lamps, Fly Trap, Electric Mosquito Trap, Insect Trap, Mosquito Lamp with Wall Chain for Indoor Outdoor Mosquitoes, Flies",B0GCDCQPDW,Electric,,https://www.amazon.de/dp/B0GCDCQPDW?psc=1,https://m.media-amazon.com/images/I/71Kvs9mTMcL._AC_SX355_.jpg,Insectaway,79.99,17,17,N/A,"1,728.09","1,727.80",1727.8,195,"48,958",CN,5.49,5,4.3,482,9,0,ELYCHIC,Garden,Standard-Oversize,FBA,47.60 x 16.70 x 31.70 cm,3.64,N/A,"mar 28, 2026",,No,1,ELYCHIC
68,"Electric Electric Fly Swatter 5000 V, Extra Strong Electric Fly Swatter, 2-in-1 USB Type-C Electric Mosquito Swatter with Battery Rechargeable & UV Light Trap for Mosquitoes, Flies, Wasps",B0GDDRCP6M,Electric,Wasp,https://www.amazon.de/dp/B0GDDRCP6M?psc=1,https://m.media-amazon.com/images/I/71qmyERJFVL._SX342_.jpg,YOUBST,20.75,74,63,N/A,"2,188.85","1,707.72",1707.72,187,"19,723",CN,8.44,1,4.7,17,8,7,YouBJ-EU,Garden,Standard Parcel,FBA,43.79 x 4.70 x 24.00 cm,0.55,N/A,"mar 21, 2026",,No,1,YouBJ-EU
65,"PROTECT HOME Wasp Nest Glue for Combating Freely Accessible Wasp Nests with Immediate Effect and Sustainable Effect without Harmful Insect Toxins, 500 ml Tin with Power Nozzle",B0DQ919GXF,Spray,Wasp,https://www.amazon.de/dp/B0DQ919GXF?psc=1,https://m.media-amazon.com/images/I/71yvlqlfBUL._AC_SY355_.jpg,PROTECT HOME,15.99,112,112,50,"1,686","1,685.31",1685.31,175,"7,07",AMZ,5.62,8,4.3,219,7,2,Amazon,Garden,Small Parcel,AMZ,24.00 x 7.00 x 7.00 cm,0.43,N/A,"Dec 12, 2024",,No,16,Amazon
42,"Insect Killer Electric LED Lighting 3 m Cable, 4200 V 15 W UV Mosquito Lamp, Fly Trap Electric Mosquito Trap for Indoor and Outdoor Use, IPX4, Anti Mosquitoes, Flies, Moths",B0DRJCFPXK,Electric,,https://www.amazon.de/dp/B0DRJCFPXK?psc=1,https://m.media-amazon.com/images/I/816gXf8FafL._AC_SY355_.jpg,WUEAOA,27.13,132,46,100,"4,388.32","1,601.50",1601.5,172,"1,106",CN,9.71,1,4.3,"3,284",9,"1,272",yingtan,Garden,Standard Parcel,FBA,29.00 x 15.20 x 15.40 cm,1,N/A,"mar 10, 2025",,No,13,yingtan
66,"Electric Insect Killer with 2 x 6 W UVA LEDs, Mosquito Lamp Wall Mounted 3800 V, Fly Trap Electric IPX4 for Indoor and Outdoor Use, Quick and Chemical-Free, Quiet",B0GHR264ZN,Electric,,https://www.amazon.de/dp/B0GHR264ZN?psc=1,https://m.media-amazon.com/images/I/713PK6VafZL._AC_SY355_.jpg,WUEAOA,27.93,46,46,N/A,"1,600.91","1,600.77",1600.77,162,"50,836",CN,10.17,1,4.2,49,7,6,yingtan,Garden,Standard Parcel,FBA,37.20 x 7.70 x 22.30 cm,1.04,N/A,"mar 19, 2026",,No,1,yingtan
10,"Neudorff Permanent Attractant Wasp Trap - Attractant for All Refillable Wasp Traps to Fight Wasps with 6 Weeks Long-Term Effect, 250 ml",B0B7QB452V,Lure,Wasp,https://www.amazon.de/dp/B0B7QB452V?psc=1,https://m.media-amazon.com/images/I/71ojzpMYGHL._AC_SY355_.jpg,Neudorff,6.13,219,219,100,"1,598.62","1,596.36",1596.36,135,"4,811",DE,3.27,5,3.3,61,7,0,ePerformances,Garden,Extra Large Envelope,MFN,17.50 x 4.10 x 7.80 cm,0.29,N/A,"Jul 26, 2022",,No,45,ePerformances
27,"Electric Insect Killer, Mosquito Trap, 15 W, 4200 V, UV Mosquito Lamp, Mosquito Protection, Fly Trap, Electric Fly Catcher, Insect Trap, IPX4 Waterproof, Non-Toxic, Odourless, for Indoor, Outdoor Use",B0BVFC2CBD,Electric,,https://www.amazon.de/dp/B0BVFC2CBD?psc=1,https://m.media-amazon.com/images/I/812pJ5pXfsL._AC_SY355_.jpg,seenlast,39.99,137,49,200,"4,646.10","1,566.37",1566.37,199,"3,79",CN,8.73,6,4.3,"2,496",9,88,Seelast,Garden,Standard Parcel,FBA,28.60 x 14.90 x 15.10 cm,0.92,N/A,"mar 30, 2023",,No,37,Seelast
59,"Anysun Solar Insect Killer, 4500 V Mosquito Lamp Outdoor with 4000 mAh Battery, USB Rechargeable, IPX5, Twilight Sensor, 3 m Cable, Electric Insect Killer for Patio, Balcony, Garden, Camping",B0GFDWRY1R,Electric,,https://www.amazon.de/dp/B0GFDWRY1R?psc=1,https://m.media-amazon.com/images/I/71MmT+h+iuL._AC_SY355_.jpg,anysun,81.69,37,18,N/A,"3,153.91","1,547.14",1547.14,190,"16,686",HU,17.55,1,4.4,313,7,1,Surround Path Kft,Garden,Standard Parcel,FBA,37.90 x 9.40 x 29.10 cm,2.21,N/A,"Jan 7, 2026",,No,3,Surround Path Kft
54,"Electric Insect Killer, Insect Trap, Mosquito Lamp, 15 W, 4200 V, Electric Insect Killer, Non-Toxic, Odourless, Effective for Reducing Flying Insects for Indoor Bedrooms and Gardens",B0F867BJSF,Electric,,https://www.amazon.de/dp/B0F867BJSF?psc=1,https://m.media-amazon.com/images/I/81Z4HZ5I8vL._SX342_.jpg,WHTIAN,15.99,94,94,50,"1,502.67","1,501.60",1501.6,181,"30,834",CN,6.68,1,3.3,154,7,0,WHTIAN EU,Garden,Standard Parcel,MFN,28.90 x 14.40 x 14.40 cm,0.74,N/A,"May 17, 2025",,No,11,WHTIAN EU
60,"LiBa Electric Insect Killer, Insect and Fly Killer, 20 W Insect Catcher for Mosquitoes, Flies and Moths, Fly Killer Repellent with 2 Replacement Bulbs and Washable Shelf",B01N5TCXWM,Electric,,https://www.amazon.de/dp/B01N5TCXWM?psc=1,https://m.media-amazon.com/images/I/81kvAzHYZbL._AC_SY355_.jpg,LiBa,42.99,32,32,N/A,"1,358.77","1,358.65",1358.65,169,"48,632",US,10.82,1,4.4,"14,777",9,"13,828",Ultra Clarity Cables,Garden,Standard Parcel,FBA,40.11 x 10.18 x 31.46 cm,1.93,N/A,"mar 21, 2025",,No,13,Ultra Clarity Cables
61,"Electric Insect Killer, 22 W, UV Mosquito Lamp for Indoor Use, Effective Insect Trap for Bedroom, Kitchen and Office, 100 m² Effective Area (Black)",B0DS5L2FNG,Electric,,https://www.amazon.de/dp/B0DS5L2FNG?psc=1,https://m.media-amazon.com/images/I/71aYXAYjG3L._SX342_.jpg,OTKQTS,33.99,37,37,N/A,"1,279.42","1,279.27",1279.27,147,"47,405",CN,9.53,2,4.2,71,7,4,Mosquito Lights-EU,Garden,Standard Parcel,FBA,41.90 x 12.40 x 21.00 cm,1.41,N/A,"Jun 8, 2025",,No,10,Mosquito Lights-EU
72,"Mosquito Lamp, Mosquito Protection, Anti Mosquito Lamp, Electric Insect Killer, Rechargeable LED Lamp, 3000 V UV Electric Fly Trap, IPX4 Waterproof for Indoor and Outdoor Use (White)",B0G3FFR72H,Electric,,https://www.amazon.de/dp/B0G3FFR72H?psc=1,https://m.media-amazon.com/images/I/71wSJAIcXhL._AC_SY355_.jpg,Dnenellr,25.64,137,46,N/A,"3,746.50","1,278.30",1278.3,182,"11,006",BG,7.78,1,4.5,36,9,6,GEORGI TSOLOV,Garden,Small Parcel,FBA,20.28 x 9.32 x 9.32 cm,0.38,N/A,"Feb 7, 2026",,No,2,GEORGI TSOLOV
66,"Envira Wasp Spray 500 ml - Wasp Repellent - Spray with Long-Lasting Effect - Repellent for Home, Attic, Garden - Effective Wasp Repellent - Highly Effective",B0GVT1WKRP,Spray,Wasp,https://www.amazon.de/dp/B0GVT1WKRP?psc=1,https://m.media-amazon.com/images/I/61d8ZvY8skL._SX342_.jpg,Envira,21.9,72,56,N/A,"1,751.58","1,235.54",1235.54,156,"21,522",AT,N/A,1,4.3,33,6,0,ENVIRA BRANDS,Garden,N/A,MFN,N/A,N/A,N/A,"Apr 2, 2026",,No,0,ENVIRA BRANDS
10,YISSVIC Electric Insect Killer 4200 V Mosquito Trap 15 W with UV Light and LED Lighting Waterproof IPX4 Suitable for Outdoor and Indoor Use,B0GQDN58S4,Electric,,https://www.amazon.de/dp/B0GQDN58S4?psc=1,https://m.media-amazon.com/images/I/71JsAbw+HNL._AC_SY355_.jpg,Yissvic,27.99,55,55,N/A,"1,218.38","1,217.68",1217.68,139,"33,259",RO,6.99,3,4.6,12,9,6,VARRIALESHOPPING,Garden,Standard Parcel,FBA,29.00 x 14.50 x 14.50 cm,0.82,N/A,"mar 17, 2026",,No,1,VARRIALESHOPPING
64,YISSVIC Electric Insect Killer 4300 V UV Mosquito Lamp 20 W with 2 Replacement Tubes PU Handle 1.8 Cable for Indoor Use Against Moths Mosquitoes Flies,B0GTQ4M176,Electric,,https://www.amazon.de/dp/B0GTQ4M176?psc=1,https://m.media-amazon.com/images/I/71xh0tZ4gQL._AC_SY355_.jpg,Yissvic,36.99,32,32,N/A,"1,199.42","1,199.35",1199.35,150,"41,011",N/A,10.1,3,4.5,4,9,1,DTLUIGI,Garden,Standard Parcel,FBA,42.90 x 9.00 x 33.00 cm,1.87,N/A,"Apr 3, 2026",,No,0,DTLUIGI
16,BSI 50475 Wasp Trap Attractant Effective No Harmful Substances,B00JY9K4CC,Lure,Wasp,https://www.amazon.de/dp/B00JY9K4CC?psc=1,https://m.media-amazon.com/images/I/71rbGt6QoeL._AC_SY355_.jpg,BSI,11.03,89,89,50,"1,196.28","1,195.61",1195.61,62,"9,967",AMZ,4.51,2,3.7,189,7,15,Amazon,Garden,Small Parcel,AMZ,27.30 x 5.40 x 10.70 cm,1.21,N/A,"Jul 6, 2016",,No,117,Amazon
68,"Exbuster Mosquito Killer: Set of 2 socket insect killers with UV-light, for rooms up to 20 m² (blue light mosquito plug, blue light against mosquitoes, insect killing).",B07F1TLKGG,Electric,,https://www.amazon.de/dp/B07F1TLKGG?psc=1,https://m.media-amazon.com/images/I/713Ptb78dXS._AC_SY355_.jpg,Exbuster,10.94,140,140,50,"1,121.24","1,119.69",1119.69,168,"8,708",DE,4.88,2,3.5,"1,113",9,1,PEARL Versandhaus,Garden,Small Parcel,MFN,19.70 x 6.70 x 10.50 cm,0.18,N/A,"Feb 20, 2019",,No,86,PEARL Versandhaus
51,Rapizz UV Insect Killer Electric I Solar & Plug I Rainproof & Li-ion Battery I Fly Trap Electric Mosquito Killer Mosquito Lamp Insect Lamp Mosquito Lamp Electric Outdoor Insect Killer,B0FKHDZQLZ,Electric,,https://www.amazon.de/dp/B0FKHDZQLZ?psc=1,https://m.media-amazon.com/images/I/819PApVF3lL._AC_SY355_.jpg,Cobus,19.31,49,49,N/A,"1,051.09","1,050.49",1050.49,183,"14,293",DE,N/A,1,3.9,40,6,4,LEHARO,Garden,Standard Parcel,FBA,23.10 x 17.20 x 17.30 cm,0.94,N/A,"Jul 31, 2025",,No,9,LEHARO
