Display Order,Product Details,ASIN,Segment,URL,Image URL,Brand,Price  €,Parent Level Sales,ASIN Sales,Recent Purchases,Parent Level Revenue,ASIN Revenue,Title Char. Count,BSR,Seller Country/Region,Fees  €,Active Sellers,Ratings,Review Count,Images,Review velocity,Buy Box,Category,Size Tier,Fulfillment,Dimensions,Weight,ABA Most Clicked,Creation Date,Sponsored,Best Seller,Seller Age (mo),Seller
1.,Neutrogena Norwegian Formula CICA Intense Repair Body Lotion for Dry Skin (Pack of 2 x 750ml) Repairing Body Moisturizer with Centella Asiatica,B0D1GK2ZKB,Cream,https://www.amazon.es/dp/B0D1GK2ZKB?psc=1,https://m.media-amazon.com/images/I/61Nxo8mqIBL._AC_SY355_.jpg,Neutrogena,15.29,"4,269","3,884","2,000","64,721.28","56,324.05",143,109,AMZ,5.26,12,4.7,743,7,N/A,Amazon,Beauty,Small Parcel,AMZ,24.10 x 5.90 x 17.30 cm,1.66,N/A,"Apr 30, 2024",Sponsored Brand,No,24,Amazon
2.,"Neutrogena Norwegian Formula Deep Hydration Instant Absorption Body Lotion (2 X 750ml), Body Moisturizer for Dry Skin, Moisturizer with Pro-Ceramide & Glycerin",B0D1GKTKK3,Check,https://www.amazon.es/dp/B0D1GKTKK3?psc=1,https://m.media-amazon.com/images/I/61n7NsYfAQL._AC_SY355_.jpg,Neutrogena,15.9,"2,734","1,453",800,"40,233.13","21,234.55",159,200,AMZ,7.65,24,4.6,470,7,N/A,Amazon,Beauty,Small Parcel,AMZ,23.70 x 6.10 x 17.70 cm,1.67,N/A,"Apr 30, 2024",Sponsored Brand,No,24,Amazon
3.,"Neutrogena Norwegian Formula Visibly Firming Body Lotion (2x750ml), Body Firming Cream for All Skin Types, Moisturizer with Glycerin and Procollagen Minerals",B0D1GL8D5D,Check,https://www.amazon.es/dp/B0D1GL8D5D?psc=1,https://m.media-amazon.com/images/I/61rqmwaUCEL._AC_SY355_.jpg,Neutrogena,15.9,"1,269","1,269",500,"20,172.92","20,160.09",157,779,AMZ,6.66,21,4.7,482,7,30,Amazon,Beauty,Small Parcel,AMZ,24.30 x 10.30 x 13.50 cm,1.67,N/A,"Apr 30, 2024",Sponsored Brand,No,24,Amazon
10.,"Bepanthol Moisturizing Cream, Protects and Regenerates Dry and Irritated Skin, Even After Aesthetic Treatments and Sun Exposure, 100g",B006IS4FD6,Other,https://www.amazon.es/dp/B006IS4FD6?psc=1,https://m.media-amazon.com/images/I/712DJNdT6PL._AC_SY355_.jpg,BEPANTHOL,17.19,368,276,100,"5,601.25","4,746.62",133,"3,093",AMZ,6.43,14,4.6,692,8,9,Amazon,Beauty,Extra Large Envelope,AMZ,19.10 x 4.20 x 5.60 cm,0.12,N/A,"Sep 28, 2015",,No,127,Amazon
11.,"CeraVe Intensive Moisturizing Lotion, For Very Dry and Irritated Skin, Restores the Protective Barrier, Enriched with Essential Ceramides and Shea Butter",B0F19H9JTR,Check,https://www.amazon.es/dp/B0F19H9JTR?psc=1,https://m.media-amazon.com/images/I/71rphelU1FL._SX342_.jpg,CeraVe,19.9,"1,689","1,689",800,"30,087.72","30,086.62",153,546,AMZ,6.59,12,4.7,528,13,34,Amazon,Beauty,Extra Large Envelope,AMZ,18.60 x 4.90 x 8.50 cm,0.53,N/A,"Mar 12, 2025",,No,13,Amazon
13.,"Bepanthol Moisturizing Protective Ointment, Protects and Regenerates Dry, Irritated or Sensitized Skin by External Factors, 30 g",B00E0LU2ZS,Cream,https://www.amazon.es/dp/B00E0LU2ZS?psc=1,https://m.media-amazon.com/images/I/71ovA7gsvyL._AC_SY355_.jpg,Bepanthol,8.99,0,883,500,0,"6,662.64",128,518,AMZ,4.61,17,4.6,"1,215",7,29,Amazon,Beauty,Large Envelope,AMZ,28.90 x 3.00 x 14.50 cm,0.04,N/A,"Jul 28, 2014",,No,141,Amazon
14.,"Bepanthol Moisturizing Protective Ointment, Protects and Regenerates Dry, Irritated or Sensitized Skin by External Factors, 100 g",B00E0JG2FY,Cream,https://www.amazon.es/dp/B00E0JG2FY?psc=1,https://m.media-amazon.com/images/I/71YWNssUnzL._AC_SY355_.jpg,BEPANTHOL,14.5,0,944,500,0,"12,779.36",129,613,AMZ,7.02,4,4.7,"1,116",7,29,Amazon,Beauty,Extra Large Envelope,AMZ,19.20 x 4.30 x 5.50 cm,0.12,N/A,"Jul 28, 2014",,No,141,Amazon
18.,"Bepanthol Derma Repair Day Moisturizing Face Cream, Very Dry and Sensitive Skin, 50 Milliliters",B097H85186,Cream,https://www.amazon.es/dp/B097H85186?psc=1,https://m.media-amazon.com/images/I/71sbJifqclL._AC_SY355_.jpg,BEPANTHOL,20.39,536,492,200,"11,207.86","10,016.14",95,"1,304",AMZ,6.91,9,4.6,349,7,N/A,Amazon,Beauty,Extra Large Envelope,AMZ,13.10 x 4.30 x 4.50 cm,0.09,N/A,"Jun 16, 2021",,No,58,Amazon
22.,Eczema & Itch Cream - Rapid Eczema & Dermatitis Relief - Soothes Skin Irritation & Redness - With Oat Extract 18g,B0G6SN8KRN,Cream,https://www.amazon.es/dp/B0G6SN8KRN?psc=1,https://m.media-amazon.com/images/I/61hhoWgPrGL._AC_SY355_.jpg,BioRelie,9.99,134,134,50,"1,548.53","1,547.2",113,"8,210",CN,2.71,1,4.6,25,7,2,MASHANGYOU,Beauty,Standard Envelope,FBA,14.70 x 2.40 x 5.00 cm,0.04,N/A,"Jan 25, 2026",,No,3,MASHANGYOU
27.,"Lactovit - Crème Lactourea Moisturizing Mousse 24h for Body and Face, Very Dry and Extra Dry Skin, Immediate Absorption – 400 ml",B0B253987G,Cream,https://www.amazon.es/dp/B0B253987G?psc=1,https://m.media-amazon.com/images/I/719R773-IFL._AC_SY355_.jpg,Lactovit,4.36,610,610,300,"2,891.73","2,885.48",128,"1,355",AMZ,4.3,1,4.6,"1,107",7,64,Amazon,Beauty,Small Parcel,AMZ,9.20 x 8.80 x 9.00 cm,0.45,N/A,"May 24, 2022",,No,47,Amazon
28.,"Cream for Psoriasis, Antipruritic Cream 20g, Relief of Itch and Peeling, Body Care for Very Dry and Sensitive Skin",B0GM6WS4T9,Cream,https://www.amazon.es/dp/B0GM6WS4T9?psc=1,https://m.media-amazon.com/images/I/71JBxBy7J3L._AC_SY355_.jpg,AIDURA,9.99,179,171,100,"1,787.37","1,709.99",114,"3,700",CN,2.95,1,5,28,8,23,AIDURA,Beauty,Standard Envelope,FBA,13.80 x 2.40 x 4.20 cm,0.03,N/A,"Feb 7, 2026",,No,2,AIDURA
29.,"Neutrogena Norwegian Formula Deep Hydration Hypoallergenic Body Lotion (2 X 750ml), Body Moisturizer for Dry & Sensitive Skin, Moisturizer with Pro Ceramide & Glycerin",B00CD1ZEOQ,Check,https://www.amazon.es/dp/B00CD1ZEOQ?psc=1,https://m.media-amazon.com/images/I/61ii0YIVAnL._AC_SY355_.jpg,Neutrogena,13.5,"2,734","1,147",400,"40,233.13","15,801.83",167,164,AMZ,6.3,8,4.7,200,7,N/A,Amazon,Beauty,Small Parcel,AMZ,23.90 x 7.00 x 17.30 cm,1.66,N/A,"Apr 30, 2024",,No,24,Amazon
30.,"CeraVe SA Anti-Rough Smoothing Cream For Dry, Rough and Imperfected Skin, For Face and Body, Exfoliates and Hydrates, With Ceramides, Salicylic Acid and Hyaluronic Acid, 340 ml",B07W8H8MBX,Check,https://www.amazon.es/dp/B07W8H8MBX?psc=1,https://m.media-amazon.com/images/I/61vwcsxZG4L._AC_SY355_.jpg,CeraVe,15.29,"1,958","1,619","1,000","28,473.17","24,743.84",176,189,AMZ,6.03,22,4.5,"24,262",2,39,Amazon,Beauty,Small Parcel,AMZ,9.45 x 7.20 x 9.20 cm,0.39,N/A,"Aug 9, 2019",,No,80,Amazon
32.,"CeraVe Moisturizing Lotion, Dry to Very Dry Skin, Hydrates and Restores the Protective Barrier, Enriched with Essential Ceramides and Hyaluronic Acid, Lightweight Formula, Suitable for Face and Body",B07CG2TD9F,Check,https://www.amazon.es/dp/B07CG2TD9F?psc=1,https://m.media-amazon.com/images/I/61YQYvukieL._AC_SY355_.jpg,CeraVe,9.3,"1,712",140,200,"25,622","1,354.15",198,69,AMZ,3.74,11,4.6,"64,661",8,558,Amazon,Beauty,Large Envelope,AMZ,15.80 x 3.80 x 7.00 cm,0.28,N/A,"Nov 5, 2025",,No,5,Amazon
34.,"Weleda - Almond Soothing Facial Cream, Moisturizes, Protects, Regenerates and Soothes Skin, Relieves Irritation, with Sweet Almond Oil and Plum Bone, Natural, Unscented - 30ml",B003LDJK5O,Cream,https://www.amazon.es/dp/B003LDJK5O?psc=1,https://m.media-amazon.com/images/I/51iP3t-4gcL._AC_SY355_.jpg,Weleda,14.4,326,249,100,"4,756.82","3,674.44",175,"3,004",AMZ,N/A,8,4.2,"3,796",10,26,Amazon,Beauty,Large Envelope,AMZ,12.70 x 2.69 x 3.91 cm,0.04,N/A,"Dec 7, 2006",,No,232,Amazon
36.,CeraVe Body Moisturizer & Travel Moisturizer Set for Dry & Body Skin with Hyaluronic Acid 340g + Travel Facial Moisturizer for Normal & Dry Skin 20ml,B096Y1992S,Cream,https://www.amazon.es/dp/B096Y1992S?psc=1,https://m.media-amazon.com/images/I/51TTj+Vi41L._SX342_.jpg,CeraVe,16.14,175,175,N/A,"2,760.47","2,759.6",149,"5,689",AMZ,6.44,1,4.6,"2,381",7,18,Amazon,Beauty,Small Parcel,AMZ,11.00 x 7.40 x 9.40 cm,0.42,N/A,"Aug 12, 2021",,No,56,Amazon
37.,"Instituto Español Atopic Skin Body Lotion, 750 Milliliters (Packaging May Differ)",B08W8H13RH,Check,https://www.amazon.es/dp/B08W8H13RH?psc=1,https://m.media-amazon.com/images/I/61zq9OeCbcL._AC_SY355_.jpg,Instituto Español,7.78,"1,493","1,493",900,"11,679.03","11,676.19",81,342,AMZ,4.59,5,4.6,"1,669",1,26,Amazon,Beauty,Small Parcel,AMZ,27.79 x 8.61 x 10.01 cm,0.85,N/A,"Feb 9, 2021",,No,62,Amazon
38.,"La Roche Posay LIPIKAR Baume Light AP+M, 400 m",B0FSRVPY96,Cream,https://www.amazon.es/dp/B0FSRVPY96?psc=1,https://m.media-amazon.com/images/I/61buVLxiskL._SX342_.jpg,La Roche-Posay,30,176,176,100,"5,173.43","5,172.78",46,"3,439",AMZ,8.49,2,4,19,6,7,Amazon,Beauty,Extra Large Envelope,AMZ,20.30 x 5.70 x 5.70 cm,0.44,N/A,"Oct 17, 2025",,No,6,Amazon
39.,"CeraVe SA Anti-Rough Smoothing Cream For Dry, Rough and Imperfected Skin, For Face and Body, Exfoliates and Hydrates, With Ceramides, Salicylic Acid and Hyaluronic Acid, 177 ml",B07WL7WV52,Check,https://www.amazon.es/dp/B07WL7WV52?psc=1,https://m.media-amazon.com/images/I/71asmW4QToL._AC_SY355_.jpg,CeraVe,10.8,15,349,200,165.21,"3,826.27",176,"1,274",AMZ,4.84,7,4.5,"24,262",2,N/A,Amazon,Beauty,Extra Large Envelope,AMZ,16.40 x 4.60 x 5.10 cm,0.2,N/A,"Aug 9, 2019",,No,80,Amazon
44.,"Bepanthol Derma SensiCalm to Relieve Itching and Redness of Skin Irritations in Just 30 Minutes, Cortisone Free, 20g",B00WEOGK5Y,Check,https://www.amazon.es/dp/B00WEOGK5Y?psc=1,https://m.media-amazon.com/images/I/61K7avo9EjL._AC_SY355_.jpg,BEPANTHOL,6.81,"3,222","1,464",900,"33,943.21","10,005.76",116,87,AMZ,4.34,12,4.4,"4,442",7,79,Amazon,Beauty,Large Envelope,AMZ,12.00 x 3.40 x 3.60 cm,0.03,N/A,"Sep 28, 2015",,No,127,Amazon
47.,"Antifungal Cream 30 g, To Relieve Itchy Jock Skin, Eczema, Effective Treatment of Athlete's Feet, Soothes Itching, Cream to Relieve Skin Itch in Adults",B0FRSZ94RH,Cream,https://www.amazon.es/dp/B0FRSZ94RH?psc=1,https://m.media-amazon.com/images/I/71h2z6fN5NL._AC_SY355_.jpg,HNYGS-EU,11.99,"1,132","1,132",800,"13,574.33","13,562.86",151,397,CN,5,1,4.4,34,8,9,aifusen,Beauty,Standard Envelope,FBA,11.00 x 2.40 x 4.00 cm,0.04,N/A,"Sep 19, 2025",,No,7,aifusen
49.,"CENTELLIAN 24 Madeca Time Reverse Cream (50ml) - Nourishing and Fast Absorption, Hydrates, Firms and Reduces Wrinkles, Low Irritation, Korean Skin Care",B0DFY92NDB,Other,https://www.amazon.es/dp/B0DFY92NDB?psc=1,https://m.media-amazon.com/images/I/51Pietq1jbL._AC_SX355_.jpg,CENTELLIAN 24,16.3,"1,861","1,861","1,000","34,431.38","34,422.63",151,169,DE,6.29,11,4.6,"3,008",8,587,F Trade GmbH,Beauty,Large Envelope,FBA,15.09 x 3.51 x 5.69 cm,0.07,N/A,"Jan 4, 2026",,No,3,F Trade GmbH
50.,"Rilastil - Xerolact PB Moisturizing Balm Anti-Irritation with Prebiotics, for Dry Fragile or Atopic Skin, Relieves Itching, Intensely Nourishes and Repairs the Skin Barrier - 400 ml",B08R1FQWKH,Cream,https://www.amazon.es/dp/B08R1FQWKH?psc=1,https://m.media-amazon.com/images/I/517XkiRGwjL._AC_SY355_.jpg,Rilastil,17.49,392,370,100,"7,664.21","6,461.21",181,"1,666",AMZ,3.85,28,4.6,"1,362",7,19,Amazon,Beauty,Extra Large Envelope,AMZ,20.40 x 5.30 x 5.50 cm,0.45,N/A,"Dec 10, 2020",,No,64,Amazon
53.,"CETAPHIL Moisturizing Body and Facial Cream for Dry and Sensitive Skin, Hydrates up to 48 Hours, 85G",B08DS9P37M,Cream,https://www.amazon.es/dp/B08DS9P37M?psc=1,https://m.media-amazon.com/images/I/71C33gNvqxL._AC_SY355_.jpg,Cetaphil,7.93,"1,280",346,200,"16,410.72","2,960.26",100,"1,021",AMZ,3.63,7,4.6,"3,406",8,76,Amazon,Beauty,Large Envelope,AMZ,14.80 x 3.90 x 5.30 cm,0.11,N/A,"Jul 28, 2020",,No,69,Amazon
54.,"TALQUISTINA - Moisturizing Cream 400 ml, for Itchy Skin, Daily Use, Long-Lasting Hydration, Protects and Soothes Dryness, Suitable for Sensitive Skin.",B0BJFP4VYY,Cream,https://www.amazon.es/dp/B0BJFP4VYY?psc=1,https://m.media-amazon.com/images/I/61auJKXDwQL._AC_SY355_.jpg,TALQUISTINA,23.08,"1,059","1,059",800,"23,007.72","23,001.18",150,515,N/A,7.26,23,4.6,776,8,27,,Beauty,Extra Large Envelope,MFN,19.70 x 5.40 x 5.60 cm,0.44,N/A,"Oct 17, 2022",,No,42,
55.,CeraVe Intensive Moisturizing Creme For Dry Dry Skin 340ml,B0FHQ1Z14S,Cream,https://www.amazon.es/dp/B0FHQ1Z14S?psc=1,https://m.media-amazon.com/images/I/516g-JSN04L._SY445_.jpg,CeraVe,20.4,533,533,200,"10,715.27","10,712.12",58,"2,135",AMZ,6.89,3,4.6,117,3,38,Amazon,Beauty,Small Parcel,AMZ,9.30 x 7.40 x 9.20 cm,0.39,N/A,"Dec 23, 2025",,No,4,Amazon
56.,BEPANTHOL Dry Skin Moisturizing Cream - Derma Repair Lotion - Immediate and Lasting Hydration for Very Dry and Sensitive Skin - Daily Use - 400ml - Without Perfume or Dyes,B097HBHKR9,Cream,https://www.amazon.es/dp/B097HBHKR9?psc=1,"https://m.media-amazon.com/images/I/61ERqQaqZGL._AC_SY355_PIbundle-400,TopRight,0,0_SH20_.jpg",BEPANTHOL,16.2,563,448,300,"9,100.49","7,259.41",171,"1,190",AMZ,7.27,6,4.6,708,7,13,Amazon,Beauty,Small Parcel,AMZ,19.40 x 6.10 x 6.20 cm,0.47,N/A,"Jun 16, 2021",,No,58,Amazon
58.,"Weleda - Skin Food Original, Repair Cream, Nourishes and Hydrates, with Sunflower and Almond Oil, Calendula, Wild Thought and Chamomile, for Very Dry and Cracked Skin -75ml",B00A3M1TIW,Cream,https://www.amazon.es/dp/B00A3M1TIW?psc=1,https://m.media-amazon.com/images/I/51KFDzNEIyL._AC_SY355_.jpg,Weleda,9.6,"1,666","1,612","1,000","19,743.79","15,685.64",172,168,AMZ,3.77,9,4.6,"4,359",13,31,Amazon,Beauty,Large Envelope,AMZ,14.10 x 3.91 x 5.31 cm,0.06,N/A,"Feb 13, 2013",,No,158,Amazon
59.,"Bepanthol Derma SensiCalm to Relieve Itching and Redness of Skin Irritations in Just 30 Minutes, Cortisone Free, 50g",B07VKDRPW7,Check,https://www.amazon.es/dp/B07VKDRPW7?psc=1,https://m.media-amazon.com/images/I/61eN7dZrU+L._AC_SY355_.jpg,BEPANTHOL,12.4,"3,222","1,607",700,"33,943.21","20,094.31",116,107,AMZ,4.86,17,4.4,"4,442",7,79,Amazon,Beauty,Large Envelope,AMZ,14.10 x 4.00 x 4.20 cm,0.07,N/A,"Jul 22, 2019",,No,81,Amazon
60.,"Uriage Xemose C8+ Anti-Itch Relipidizing Balm 500ml - Nourishes, Repairs, Soothes - Very Dry Skin, Trend Atopic Eczema - 8Ceramides Biomimetics, 10% Shea Butter - Face, Body, Unscented",B07JDLL4LP,Cream,https://www.amazon.es/dp/B07JDLL4LP?psc=1,https://m.media-amazon.com/images/I/61A6-pcTF0L._AC_SY355_.jpg,Uriage,18.9,352,352,200,"6,469.81","6,467.86",184,"2,519",CH,7.03,28,4.5,"1,475",7,44,DERMA EU,Beauty,Small Parcel,FBA,20.50 x 6.60 x 6.70 cm,0.53,N/A,"Sep 29, 2018",,No,91,DERMA EU
61.,"Neutrogena Norwegian Formula Deep Hydration Body Lotion for Dry Skin (400ml), Body Moisturizer with Pro-Ceramide & Glycerin Technology",B00BN7XH2C,Check,https://www.amazon.es/dp/B00BN7XH2C?psc=1,https://m.media-amazon.com/images/I/51LPN63FdTL._AC_SY355_.jpg,Neutrogena,6.99,318,293,100,"2,532.78","2,024.46",134,"2,466",AMZ,3.56,10,4.6,"2,831",7,15,Amazon,Beauty,Large Envelope,AMZ,22.20 x 4.00 x 7.20 cm,0.45,N/A,"May 20, 2014",,No,143,Amazon
62.,"NIVEA Repair & Care Body Milk, Body Moisturizer for Dry & Extra Dry Skin, Moisturizer with 72h Hydration and Intensive Care, 1 x 400ml",B0D82BKYF1,Cream,https://www.amazon.es/dp/B0D82BKYF1?psc=1,https://m.media-amazon.com/images/I/513JvuibhSL._AC_SY355_.jpg,NIVEA,5.88,465,465,200,"2,712.39","2,712.04",134,"2,698",AMZ,3.7,6,4.7,240,9,21,Amazon,Beauty,Extra Large Envelope,AMZ,22.20 x 4.40 x 6.60 cm,0.4,N/A,"Jun 25, 2024",,No,22,Amazon
65.,"A-Derma - Exomega Control, 400 ml",B0052ECBUG,Check,https://www.amazon.es/dp/B0052ECBUG?psc=1,https://m.media-amazon.com/images/I/71IW3lHMeQL._SX342_.jpg,A-Derma,20.85,549,549,300,"10,896.06","10,893.19",33,"2,025",ES,7.09,30,4.7,"2,466",2,40,Parafarmaciamarket,Beauty,Extra Large Envelope,MFN,18.39 x 5.89 x 5.99 cm,0.47,N/A,"Oct 13, 2012",,No,162,Parafarmaciamarket
68.,Erborian BB Cream Clair,B0BV35SSR3,Other,https://www.amazon.es/dp/B0BV35SSR3?psc=1,https://m.media-amazon.com/images/I/51fmUgCVyjL._SY445_.jpg,Erborian,37.99,"3,622",104,50,"73,011.07","3,931.29",23,158,AMZ,9.47,1,4.3,"4,575",6,816,Amazon,Beauty,Large Envelope,AMZ,16.60 x 2.90 x 3.20 cm,0.04,N/A,"Apr 21, 2023",Sponsored Brand Video,No,36,Amazon
7.,"Naissance Cold Pressed Sweet Almond Oil (No 215) 1L - Moisturizing and Emollient Care Face, Hair, Nails, Body, Skin - For Body Massage, Soaps, Stretch Marks",B007MCXGO6,Check,https://www.amazon.es/dp/B007MCXGO6?psc=1,https://m.media-amazon.com/images/I/71PcxQ1+gZL._AC_SY355_.jpg,Naissance,14.99,"1,313","1,133",600,"18,605.4","16,879.18",156,402,GB,7.1,1,4.6,"39,690",7,119,naissance ®,Beauty,Standard Parcel,FBA,22.20 x 12.60 x 16.70 cm,0.97,N/A,"Aug 5, 2013",,No,152,naissance ®
8.,"Rilastil - Xerolact Protective Cleansing Oil for Very Dry or Atopic Skin, Anti-Itch Moisturizing Shower Gel with Rice and Almond Oil, Suitable for Babies, Children and Adults - 1000 ml",B0DVM1G1B3,Wash,https://www.amazon.es/dp/B0DVM1G1B3?psc=1,https://m.media-amazon.com/images/I/61qoRmZRZTL._AC_SY355_.jpg,Rilastil,12.72,969,774,400,"13,387.81","9,732.87",184,722,AMZ,N/A,13,4.6,421,7,40,Amazon,Beauty,Small Parcel,AMZ,32.10 x 9.60 x 12.80 cm,1.2,N/A,"Apr 9, 2025",,No,12,Amazon
14.,DRASANVI SWEET ALMOND OIL - Especially nourishing and moisturizing - Helps reduce wrinkles and stretch marks - Suitable for all skin types - VEGAN - 250 ml,B00XZ3NATM,Other,https://www.amazon.es/dp/B00XZ3NATM?psc=1,https://m.media-amazon.com/images/I/71PHfDoxdBL._AC_SY355_.jpg,Drasanvi,4.3,"1,020",657,300,"6,905.78","2,824.94",155,454,AMZ,3.34,2,4.5,267,7,13,Amazon,Beauty,Large Envelope,AMZ,16.50 x 3.50 x 7.00 cm,0.26,N/A,"May 20, 2015",,No,131,Amazon
15.,"Natural Honey, Oil & Go Rinse Free Shower Oil with Natural Argan, 24H Deep Hydration, Fast Absorption, Non-Greasy Finish, Firming, Nourishing and Revitalizing, 250ml",B0DV9M1W71,Check,https://www.amazon.es/dp/B0DV9M1W71?psc=1,https://m.media-amazon.com/images/I/61VBUo6M7VL._AC_SY355_.jpg,Natural Honey,3.49,70,446,300,244.73,"1,532.38",165,885,AMZ,4.51,4,4.8,30,6,N/A,Amazon,Beauty,Small Parcel,AMZ,18.60 x 6.70 x 14.80 cm,0.25,N/A,"Jan 28, 2025",,No,15,Amazon
16.,DRASANVI SWEET ALMOND OIL - Especially nourishing and moisturizing - Helps reduce wrinkles and stretch marks - Suitable for all skin types - VEGAN - 1l,B00XO2DUGC,Other,https://www.amazon.es/dp/B00XO2DUGC?psc=1,https://m.media-amazon.com/images/I/711Av+zNoXL._AC_SY355_.jpg,Drasanvi,13.09,"1,020",125,50,"6,905.78","1,908.33",151,454,AMZ,5.2,2,4.5,267,6,13,Amazon,Beauty,Small Parcel,AMZ,22.80 x 10.00 x 10.00 cm,0.96,N/A,"May 15, 2015",,No,131,Amazon
21.,"PLANTAWA Almond Oil 500ml | 100% Pure and Natural | Daily Body Moisturizer | Ideal for Massage, Babies and Stretch Marks | Unscented | Fast Absorption",B0BF5F8JKJ,Check,https://www.amazon.es/dp/B0BF5F8JKJ?psc=1,https://m.media-amazon.com/images/I/612+HLH12iL._AC_SY355_.jpg,PLANTAWA,9.99,330,330,200,"3,297.95","3,294.53",150,"2,645",AMZ,4.75,1,4.7,"1,239",7,24,Amazon,Beauty,Small Parcel,AMZ,18.00 x 7.00 x 18.00 cm,0.49,N/A,"Sep 13, 2022",,No,43,Amazon
22.,"Black Tulip - Body Oil Coconut Pure White, Nourishing Body Oil with Sweet and Tropical Fragrance, Hydration and Softness for Skin, 200ml",B0F3PGFHXT,Check,https://www.amazon.es/dp/B0F3PGFHXT?psc=1,https://m.media-amazon.com/images/I/41X4usM3D0L._AC_SY355_.jpg,TULIPAN NEGRO,2.79,418,418,200,"1,166.48","1,162.16",136,"2,263",AMZ,4.29,2,4.3,52,3,7,Amazon,Beauty,Large Envelope,AMZ,16.00 x 3.70 x 6.50 cm,0.2,N/A,"Apr 4, 2025",,No,12,Amazon
23.,Organic Jojoba Oil (Simmondsia chinensis) - 100 mL - Cosmos Certified Virgin Vegetable Oil - Aroma Labs,B086R18SV7,Check,https://www.amazon.es/dp/B086R18SV7?psc=1,https://m.media-amazon.com/images/I/61JgQ7fCTLL._AC_SY355_.jpg,Aroma Labs,7.89,753,431,300,"6,841.35","3,395.59",103,640,AMZ,4.62,1,4.5,"2,134",7,29,Amazon,Beauty,Large Envelope,AMZ,12.30 x 3.50 x 3.70 cm,0.08,N/A,"May 19, 2020",,No,71,Amazon
27.,"GoNaturals Sweet Almond Oil, 250ml - 100% Pure, Natural and Cold Pressed - Moisturizing Body Oil for Skin, Hair, Nails and Anti-Stretch Marks Pregnancy",B09MDHLXJM,Other,https://www.amazon.es/dp/B09MDHLXJM?psc=1,https://m.media-amazon.com/images/I/81P4rcqWUYL._AC_SY355_.jpg,GONATURALS,11.99,87,95,300,"1,042.73","1,142.18",151,"1,361",DE,5.26,1,4.4,657,9,1,Vivere GmbH,Beauty,Small Parcel,FBA,16.30 x 6.70 x 6.80 cm,0.26,N/A,"Dec 12, 2021",,No,52,Vivere GmbH
34.,QKnatur - Moisturizing Body Oil All in One Oil - 200ml - Improves the appearance of Scars | Prevention of Spots and Stretch Marks | Formulated with 10 oils of plant origin,B0D7QCDFZC,Check,https://www.amazon.es/dp/B0D7QCDFZC?psc=1,https://m.media-amazon.com/images/I/71uEE5AwxaL._AC_SY355_.jpg,QKnatur,16.95,61,61,N/A,"1,029.37","1,029.25",171,"11,680",ES,7.38,1,4.6,30,8,0,QKnatur,Beauty,Extra Large Envelope,FBA,17.20 x 5.20 x 5.30 cm,0.22,N/A,"Jun 21, 2024",,No,22,QKnatur
36.,"Almond Oil, Cold Pressed, 100% Pure and Natural, Organic Culture, Moisturizing Body Oil, Anti Stretch Marks, Pregnancy, Hair, Baby, Anti-strias, Firming, Massage Breasts, 2000 ml",B01HVN7HN6,Check,https://www.amazon.es/dp/B01HVN7HN6?psc=1,https://m.media-amazon.com/images/I/71S1ho0KIAL._AC_SY355_.jpg,bleu & marine Bretania,26.29,146,102,50,"3,996.49","2,692.92",178,"7,427",N/A,10.43,1,4.2,"2,560",7,4,,Beauty,Small Parcel,FBA,27.80 x 10.10 x 21.20 cm,2.11,N/A,"Jul 2, 2016",,No,117,
39.,"Body Oil with Natural Aroma of Sweet Almonds – Professional Format 5 Litres – 100% Body Moisturizer, Massage and Hair – Soft Skin, Deep Nutrition and Natural Aroma",B0FY6QV348,Other,https://www.amazon.es/dp/B0FY6QV348?psc=1,https://m.media-amazon.com/images/I/61aFtPXkL9L._AC_SY355_.jpg,Proquimar,35.95,53,53,N/A,"1,890.06","1,889.94",163,"8,702",ES,N/A,1,2.9,4,7,0,Proquimar Químicos,Beauty,N/A,MFN,N/A,N/A,N/A,"Oct 29, 2025",,No,6,Proquimar Químicos
41.,Instituto Español Oleogel Atopic Skins - 300 ml,B087KC4NLB,Check,https://www.amazon.es/dp/B087KC4NLB?psc=1,https://m.media-amazon.com/images/I/61yEIZ7CBhS._AC_SY355_.jpg,Instituto Español,4.75,809,809,500,"3,843.11","3,842.98",47,642,AMZ,3.61,8,4.3,900,1,6,Amazon,Beauty,Extra Large Envelope,AMZ,21.50 x 4.20 x 8.50 cm,0.35,N/A,"Apr 21, 2020",,No,72,Amazon
43.,"PLANTAWA Almond Oil 1L | 100% Pure and Natural | Body Moisturizer | Suitable for Massage, Babies and Stretch Marks | Unscented | Light Texture and Fast Absorption",B0B52KRWJX,Check,https://www.amazon.es/dp/B0B52KRWJX?psc=1,https://m.media-amazon.com/images/I/61lescbUjUL._AC_SY355_.jpg,PLANTAWA,16.95,87,87,50,"1,472.44","1,472.34",162,"5,460",ES,6.75,1,4.7,950,8,14,Plantawa-SLU,Beauty,Small Parcel,MFN,24.20 x 8.40 x 9.40 cm,0.96,N/A,"Jun 24, 2022",,No,46,Plantawa-SLU
49.,"PLANTAWA Almond Oil 5L | 100% Pure and Natural | Large Format Body Moisturizer | Massages, Babies and Stretch Marks | Unscented | Ideal for Frequent Use",B0B1N9ZWQ4,Check,https://www.amazon.es/dp/B0B1N9ZWQ4?psc=1,https://m.media-amazon.com/images/I/61Ku5AlRyhL._AC_SY355_.jpg,PLANTAWA,39.89,226,226,100,"9,032.13","9,029.73",152,"2,881",AMZ,11.94,1,4,95,7,4,Amazon,Beauty,Standard Parcel,AMZ,28.50 x 15.50 x 21.70 cm,4.66,N/A,"May 18, 2022",,No,47,Amazon
51.,QKnatur - Organic Rosehip Oil - 250ml - for Scars and Stretch Marks - For Face and Body - Anti-Wrinkle and Anti-Age- BIO and Vegan - Cold Pressed,B0BMVP15ZY,Other,https://www.amazon.es/dp/B0BMVP15ZY?psc=1,https://m.media-amazon.com/images/I/71xjeF9xF6L._AC_SY355_.jpg,QKnatur,24.95,109,109,50,"2,719.42","2,719.28",145,"6,275",ES,7.59,1,4.6,386,6,6,QKnatur,Beauty,Extra Large Envelope,FBA,16.80 x 5.80 x 6.00 cm,0.26,N/A,"Dec 4, 2022",,No,40,QKnatur
52.,"PLANTAWA Almond Oil 1L with Dispenser | 100% Pure and Natural | Daily Moisturizer for Sensitive Skin | Massages, Babies and Stretch Marks | Unscented | Comfortable Use",B0B52K2Z3H,Check,https://www.amazon.es/dp/B0B52K2Z3H?psc=1,https://m.media-amazon.com/images/I/519ucGfEheL._AC_SY355_.jpg,PLANTAWA,16.95,104,104,50,"1,757.33","1,757.18",167,"5,530",ES,6.75,1,4.3,"1,058",7,10,Plantawa-SLU,Beauty,Small Parcel,MFN,29.50 x 8.30 x 9.80 cm,0.97,N/A,"Jun 24, 2022",,No,46,Plantawa-SLU
57.,"PLANTAWA Almond Oil 2L | 100% Natural and Pure | Daily Hydration for Sensitive Skin | Massage, Babies & Stretch Marks | Unscented | High Performance",B0B832GW8B,Check,https://www.amazon.es/dp/B0B832GW8B?psc=1,https://m.media-amazon.com/images/I/61nuSTNlUsL._AC_SY355_.jpg,PLANTAWA,22.95,127,112,50,"2,704.16","2,581.64",148,"3,238",AMZ,8.42,1,4.5,533,7,14,Amazon,Beauty,Standard Parcel,AMZ,27.80 x 12.70 x 16.80 cm,1.94,N/A,"Jul 29, 2022",,No,45,Amazon
9.,Topicrem Moisturizing Shower Oil 1 L,B0CBCLCTCT,Check,https://www.amazon.es/dp/B0CBCLCTCT?psc=1,https://m.media-amazon.com/images/I/61daTKrs1TL._AC_SY355_.jpg,Topicrem,12.95,123,123,50,"1,632.69","1,632.02",36,"5,383",AMZ,7.14,16,4.5,388,5,42,Amazon,Beauty,Small Parcel,AMZ,27.00 x 8.60 x 8.70 cm,1.1,N/A,"Aug 15, 2023",,No,32,Amazon
10.,"Avena Kinesia - Oleo Soap-Free Shower Gel for Extra Dry and Atopic Skin, 750 ml",B09RR229FY,Wash,https://www.amazon.es/dp/B09RR229FY?psc=1,https://m.media-amazon.com/images/I/61u-ERakcyL._AC_SY355_.jpg,Avena Kinesia,2.9,"1,518","1,329",700,"6,045.7","3,854.23",79,380,AMZ,3.53,1,4.5,617,3,N/A,Amazon,Beauty,Extra Large Envelope,AMZ,25.70 x 5.00 x 8.90 cm,0.84,N/A,"Feb 3, 2022",,No,50,Amazon
11.,"Bio-Oil | Skin Care Oil with Stretch Marks, Scars & Spots | Body & Facial Treatment | 200ml",B01HGLUJGA,Check,https://www.amazon.es/dp/B01HGLUJGA?psc=1,https://m.media-amazon.com/images/I/71ow-vJwMtL._SY445_.jpg,Bio-Oil,16.05,"1,970","1,970","1,000","36,857.65","36,837.84",91,77,AMZ,6.26,1,4.7,"7,437",4,40,Amazon,Beauty,Extra Large Envelope,AMZ,17.20 x 4.90 x 5.20 cm,0.22,N/A,"Mar 18, 2016",,No,121,Amazon
12.,"LILLYDOO Almond Oil, Unscented, 99% Cold Pressed Almond Oil with Vitamin E, Vegan, in a High Glass Jar (100ml), Dermatologically Tested",B0DRW6RH9H,Check,https://www.amazon.es/dp/B0DRW6RH9H?psc=1,https://m.media-amazon.com/images/I/71RbLHm-EsL._AC_SY355_.jpg,LILLYDOO,10,265,265,100,"2,652.48","2,652.36",135,"3,851",AMZ,4.03,1,4.6,175,6,8,Amazon,Beauty,Extra Large Envelope,AMZ,14.60 x 4.90 x 5.10 cm,0.25,N/A,"Dec 30, 2024",,No,16,Amazon
14.,Atopic Skin Moisturizing Cream - Bepanthol SensiControl Daily Emollient Cream with Pro-Vitamin B5 - Promotes Deep and Lasting Hydration for Healthy and Protected Skin - 400ml,B087XGVFL1,Cream,https://www.amazon.es/dp/B087XGVFL1?psc=1,https://m.media-amazon.com/images/I/61J5r5t+SfL._AC_SY355_.jpg,BEPANTOL DERMA,19.5,"1,575","1,575",900,"32,457.11","32,455.67",174,274,AMZ,6.88,15,4.6,"1,435",7,15,Amazon,Beauty,Small Parcel,AMZ,10.00 x 6.50 x 9.90 cm,0.45,N/A,"Apr 20, 2020",,No,72,Amazon
18.,"La Roche Posay Shower Oil, Relipidizing, Anti-Irritation, Moisturizes and Soothes, Enriched with Shea Butter, For Dry and Atopic Skin, Lipikar AP+, 750 ml",B07NPVNYZM,Check,https://www.amazon.es/dp/B07NPVNYZM?psc=1,https://m.media-amazon.com/images/I/71vtEc4zcEL._SX342_.jpg,La Roche-Posay,18.95,72,72,50,"1,369.46","1,369.28",154,"9,499",PT,6.79,1,4.7,970,10,16,Beauty Lovy,Beauty,Small Parcel,MFN,21.90 x 7.70 x 7.70 cm,0.87,N/A,"Feb 13, 2019",,No,86,Beauty Lovy
20.,"Ozonated oil 100 ml (Organic Extra Virgin Olive). Moisturizing and regenerating the skin effective in pathologies such as: irritations, ulcers, varicose veins, stretch marks, burns, etc.",B0789JCK2Q,Check,https://www.amazon.es/dp/B0789JCK2Q?psc=1,https://m.media-amazon.com/images/I/717YSirVXbL._AC_SY355_.jpg,OZONO D´OR,19.9,128,128,50,"2,559.1","2,557.69",186,"4,867",ES,6.84,1,4.6,203,6,8,OZONO EUROPA 2050 SL,Beauty,Extra Large Envelope,FBA,16.90 x 4.70 x 4.70 cm,0.26,N/A,"Dec 15, 2017",,No,100,OZONO EUROPA 2050 SL
21.,"Eucerin pH5 Shower Oleogel 400ml Body Cleansing Oil with Natural Oils for Gentle and Nourishing Daily Cleansing Shower Oil for the Whole Family, Dry and Sensitive Skin",B000V3MI60,Check,https://www.amazon.es/dp/B000V3MI60?psc=1,https://m.media-amazon.com/images/I/61TRy3ypc7L._AC_SY355_.jpg,Eucerin,10.19,550,550,400,"5,675.25","5,671.04",167,889,AMZ,4.53,27,4.5,204,7,5,Amazon,Beauty,Large Envelope,AMZ,22.71 x 3.81 x 10.59 cm,0.46,N/A,"Aug 7, 2012",,No,164,Amazon
32.,"DEXERYL Sanfte Cleansing Oil Bei Trockener Haut, 500 ml Oil",B0BLC6972T,Wash,https://www.amazon.es/dp/B0BLC6972T?psc=1,https://m.media-amazon.com/images/I/51LlRcuTwCL._AC_SY355_.jpg,DEXERYL,15.19,93,93,50,"1,240.38","1,239.56",59,"5,425",ES,7.26,26,4.5,378,6,11,Esando,Beauty,Small Parcel,MFN,20.70 x 6.40 x 6.50 cm,0.59,N/A,"Nov 3, 2022",,No,41,Esando
33.,BABÉ LABORATORIES - Pediatric Oil Soap 200ml | Baby Gel Atopic and Very Dry Skin | Pediatric Soap for Special Care | Soothes Skin and Relieves Dryness,B0041MIP1E,Wash,https://www.amazon.es/dp/B0041MIP1E?psc=1,https://m.media-amazon.com/images/I/515dVrmryYL._AC_SY355_.jpg,LABORATORIOS BABE,10.99,100,100,50,"1,097.95","1,096.8",150,"5,482",AMZ,4.88,9,4.4,206,4,1,Amazon,Beauty,Extra Large Envelope,AMZ,13.41 x 5.00 x 5.21 cm,0.21,N/A,"Mar 1, 2013",,No,157,Amazon
37.,"Avena Kinesia – Oil Shower Gel without Soap for Extra Dry and Atopic Skin, Formula with 100% Natural Oat Oil – Pack of 4 x 750 ml",B0BGQD297P,Wash,https://www.amazon.es/dp/B0BGQD297P?psc=1,https://m.media-amazon.com/images/I/81skyJS+5cL._AC_SY355_.jpg,Avena Kinesia,11.6,"1,518",189,100,"6,045.7","2,191.21",129,380,AMZ,5.5,1,4.5,110,8,N/A,Amazon,Beauty,Small Parcel,AMZ,27.20 x 10.20 x 22.30 cm,3.47,N/A,"Sep 28, 2022",,No,43,Amazon
38.,ActivOzone Oil 20 ml,B08827TTCZ,Check,https://www.amazon.es/dp/B08827TTCZ?psc=1,https://m.media-amazon.com/images/I/51YfLIqzZML._AC_SY355_.jpg,Activozone,10.2,129,129,50,"1,312.93","1,311.5",20,"3,885",AMZ,4.53,7,4.3,99,3,0,Amazon,Beauty,Large Envelope,AMZ,7.90 x 3.30 x 3.40 cm,0.03,N/A,"May 6, 2020",,No,71,Amazon
46.,"Rilastil - Duplo Xerolact Protective Cleansing Oil, Gently Cleans and Protects the Skin Barrier, with Rice and Almond Oil, for Dry and Atopic Skin - 2 x 1000ml",B0FY6RNPL4,Wash,https://www.amazon.es/dp/B0FY6RNPL4?psc=1,https://m.media-amazon.com/images/I/61PzXSTFTYL._AC_SY355_.jpg,Rilastil,24.95,969,103,N/A,"13,387.81","2,357.64",159,722,AMZ,10.34,6,4.2,5,7,N/A,Amazon,Beauty,Small Parcel,AMZ,24.00 x 8.60 x 16.70 cm,2.32,N/A,"Oct 29, 2025",,No,6,Amazon
48.,"PRANARÔM Organic Calendula Vegetable Oil – Marigold Flower Macerate – Soothing for Sensitive, Irritated or Reactive Skin – 50 ml",B000VYP9ZG,Check,https://www.amazon.es/dp/B000VYP9ZG?psc=1,https://m.media-amazon.com/images/I/71Jl6pEgLkS._AC_SY355_.jpg,PRANAROM,8.49,"1,345",170,100,"14,889.11","1,584.82",128,291,AMZ,3.91,8,4.4,735,6,N/A,Amazon,Beauty,Extra Large Envelope,AMZ,11.50 x 4.40 x 4.60 cm,0.04,N/A,"Aug 14, 2012",,No,164,Amazon
52.,"Aroma Labs - Aceite Vegetal de Jojoba - Certificado Orgánico Ecocert - 100% Puro, Natural, Virgen y Sin Refinar - De Primer Prensado en Frío - Eco-Embalaje en Francia - 250ml",B086R186CH,Check,https://www.amazon.es/dp/B086R186CH?psc=1,https://m.media-amazon.com/images/I/51S7vhHF1lL._AC_SY355_.jpg,Aroma Labs,15.31,753,175,100,"6,841.35","2,678.7",174,797,AMZ,6.15,1,4.5,"2,134",7,29,Amazon,Beauty,Extra Large Envelope,AMZ,17.10 x 4.50 x 4.50 cm,0.24,N/A,"May 19, 2020",,No,71,Amazon
53.,"Essican Purelife, Pure Liquid Coconut Oil 100ml, Coconut Oil for Fractionated Skin MCT, Hair and Lips, Carrier Oils for Essential Oils Massages, Promotes Growth",B074PRRRL4,Other,https://www.amazon.es/dp/B074PRRRL4?psc=1,https://m.media-amazon.com/images/I/61jKrsMmnDL._AC_SY355_.jpg,Essican Purelife,8.99,174,174,100,"1,565.76","1,563.91",160,"3,910",GB,3.72,1,4.5,"1,028",7,32,Pure-Life UK,Beauty,Large Envelope,FBA,13.50 x 3.60 x 4.00 cm,0.11,N/A,"Dec 31, 2017",,No,100,Pure-Life UK
56.,"Almond Oil, Organic, Cold-Pressed, Pure, Natural. Professional Massage Oil, Hair and Eyelashes, Body Moisturizer Hands, Nails, Anti-Aging, Stripes, Pregnancy, 1000 ml",B076XXX7MP,Other,https://www.amazon.es/dp/B076XXX7MP?psc=1,https://m.media-amazon.com/images/I/718BDV709YL._AC_SY355_.jpg,B.O.T cosmetic & wellness,19.53,155,155,50,"3,024.61","3,024.45",166,"5,160",FR,6.88,2,4.5,903,6,14,Amazon,Beauty,Small Parcel,FBA,28.00 x 9.70 x 13.20 cm,0.43,N/A,"Aug 14, 2017",,No,104,Amazon
58.,"Natural Honey, Oil & Go Coconut Addiction, Rinse Free Shower Oil with Coconut Oil, 24H Hydration with Tropical Scent, Fast Absorption, Non-Greasy Finish, Nourishing and Revitalizing, 250ml",B0DV9KY41C,Check,https://www.amazon.es/dp/B0DV9KY41C?psc=1,https://m.media-amazon.com/images/I/61vXOtrWOrL._AC_SY355_.jpg,Natural Honey,3.85,822,355,200,"3,293.91","1,355.7",188,"1,691",AMZ,3.54,4,4.5,60,6,N/A,Amazon,Beauty,Extra Large Envelope,AMZ,16.40 x 4.50 x 4.70 cm,0.24,N/A,"Jan 28, 2025",,No,15,Amazon
60.,"OZONO D'OR – Healing Ointment 100% Natural ECO. with Ozone | Atopic Skin Cream | Healing Cream Wounds Skin, Surururgerics, Psoriasis, Burns, Dermatitis Atopica | Anti-Face Cream",B01N5AN7FM,Cream,https://www.amazon.es/dp/B01N5AN7FM?psc=1,https://m.media-amazon.com/images/I/31maSwO1uCL._AC_SX355_.jpg,OZONO D´OR,14.67,134,109,50,"2,901.25","1,675.85",177,"5,001",ES,6.05,1,4.2,427,1,22,OZONO EUROPA 2050 SL,Beauty,Extra Large Envelope,FBA,6.50 x 5.00 x 5.00 cm,0.1,N/A,"Dec 2, 2016",,No,112,OZONO EUROPA 2050 SL
61.,L'OCCITANE Aceite Corporal Suave De Almendras para La Piel Cuerpo Hidratante - Normal a Seca 100 Ml,B091MWJPBC,Check,https://www.amazon.es/dp/B091MWJPBC?psc=1,https://m.media-amazon.com/images/I/614z5L9cYcL._SX342_.jpg,L'Occitane,39,67,67,N/A,"2,604.59","2,604.45",99,"9,224",AMZ,10.69,1,4.7,"2,196",5,42,Amazon,Beauty,Extra Large Envelope,AMZ,16.30 x 4.40 x 6.40 cm,0.53,N/A,"Apr 21, 2021",,No,60,Amazon
63.,Pure Jojoba Oil Facial Oil Makeup Remover Oil Body Oil Massage Oil Stretch Oil Hair Oil Beard Oil Nail Oil - 1000ml 1L,B0CVS2DMY4,Oil,https://www.amazon.es/dp/B0CVS2DMY4?psc=1,https://m.media-amazon.com/images/I/7119+c3kehL._AC_SY355_.jpg,B.O.T cosmetic & wellness,38.88,55,55,N/A,"2,122.84","2,122.73",118,"13,738",FR,10.03,2,4.7,70,8,9,Ologir,Beauty,Small Parcel,FBA,23.30 x 8.40 x 19.10 cm,0.93,N/A,"Feb 16, 2024",,No,26,Ologir
8.,"Eucerin pH5 Comfort Shower Oil (1000ml) Body & Facial Cleansing Oil with Natural Oils, Extra Gentle Soap Free Formula, Shower Oil for Dry and Sensitive Skin",B0F1W6393T,Check,https://www.amazon.es/dp/B0F1W6393T?psc=1,https://m.media-amazon.com/images/I/61viH6FfEkL._AC_SY355_.jpg,Eucerin,17.15,215,215,100,"3,640.43","3,639.07",156,"3,174",AMZ,6.78,30,4.6,57,6,6,Amazon,Beauty,Small Parcel,AMZ,24.20 x 6.50 x 10.70 cm,1.14,N/A,"Jan 24, 2025",,No,15,Amazon
16.,"URIAGE XEMOSE Shower gel for dry skin, with atopic tendency I Soothe for lasting comfort. Gel in foamy, soft and nourishing oil I Face and body I Unscented without soap I physiological pH.",B00P9YV0Z6,Wash,https://www.amazon.es/dp/B00P9YV0Z6?psc=1,https://m.media-amazon.com/images/I/61paQ6Hr3TL._AC_SY355_.jpg,Uriage,12.89,337,107,100,"3,883.52","1,284.58",188,"4,236",PT,6.14,21,4.7,"2,002",4,24,Love my Pharma,Beauty,Small Parcel,MFN,24.21 x 7.70 x 8.10 cm,1.21,N/A,"Aug 27, 2014",,No,140,Love my Pharma
17.,"NIVEA Nourishing Shower Oil (1 x 200 ml), Shower Gel Nourishing Care Vitamin E and Natural Oils, Body Wash Gel, Nourished Skin Feeling and Radiant Health, All Skin Types",B00PBJB766,Check,https://www.amazon.es/dp/B00PBJB766?psc=1,https://m.media-amazon.com/images/I/715nOyTanhL._AC_SY355_.jpg,NIVEA,6.99,266,266,100,"1,862.54","1,859.78",169,"1,940",AMZ,3.56,3,4.4,896,9,29,Amazon,Beauty,Large Envelope,AMZ,14.30 x 3.10 x 7.00 cm,0.21,N/A,"Nov 13, 2014",,No,137,Amazon
27.,"Uriage Xemose C8+ Shower Gel For Dry Skin, With Atopic Tendency - Soothe For Lasting Comfort - Soft and Nourishing Foaming Oil Gel - Face and Body - Without Perfume and Soap - Physiological pH",B06XXWTV3H,Wash,https://www.amazon.es/dp/B06XXWTV3H?psc=1,https://m.media-amazon.com/images/I/71H2h7cq2pL._AC_SY355_.jpg,Uriage,10.7,337,148,N/A,"3,883.52","1,987.75",192,"4,236",N/A,5.56,27,4.7,"2,002",8,24,,Beauty,Small Parcel,FBA,20.50 x 6.30 x 6.40 cm,0.62,N/A,"May 11, 2017",,No,107,
28.,"ISDIN Calm Protector Nourishing Shower Oil, White, 400 ml (Pack of 1)",B01B4QSKQ4,Check,https://www.amazon.es/dp/B01B4QSKQ4?psc=1,https://m.media-amazon.com/images/I/61GMIhTgzwL._SX342_.jpg,ISDIN,16.79,128,128,100,"2,126.02","2,125.9",69,"9,045",AMZ,7.46,16,4.7,655,7,3,Amazon,Beauty,Extra Large Envelope,AMZ,21.60 x 4.90 x 6.60 cm,0.44,N/A,"Jan 27, 2016",,No,123,Amazon
31.,"Vaseline Cocoa Radiant Oil Body Oil, 200 ml",B0015SXSKK,Check,https://www.amazon.es/dp/B0015SXSKK?psc=1,https://m.media-amazon.com/images/I/61MoqtNwpwL._AC_SY355_.jpg,Vaseline,7.99,576,576,300,"4,531.83","4,527.69",43,"1,422",AMZ,N/A,13,4.5,"7,024",2,91,Amazon,Beauty,Large Envelope,AMZ,16.40 x 2.80 x 6.60 cm,0.7,N/A,"Aug 7, 2012",,No,164,Amazon
37.,"La Roche Posay Shower Gel, Soothes and Protects, Enriched with Shea Butter, For Dry Skin with Atopic Eczema, Lipikar AP+M, 750 ml",B00V4PB09K,Wash,https://www.amazon.es/dp/B00V4PB09K?psc=1,https://m.media-amazon.com/images/I/61WxWK0CmML._SX342_.jpg,La Roche-Posay,13.5,382,382,200,"5,560.32","5,560.11",129,"1,757",AMZ,5.98,5,4.7,"1,372",8,11,Amazon,Beauty,Small Parcel,AMZ,21.80 x 7.60 x 7.70 cm,0.83,N/A,"Apr 24, 2015",,No,132,Amazon
38.,"Eucerin UreaRepair 5% Urea Gentle Bath Gel (400ml), Face and Body Cleanser Moisturizing and Exfoliating for Immediate Relief, Cleansing Foam for Dry and Very Dry Skin",B0DVZ8STKK,Wash,https://www.amazon.es/dp/B0DVZ8STKK?psc=1,https://m.media-amazon.com/images/I/51tSSQmnuXL._SY445_.jpg,Eucerin,13.4,96,96,50,"1,463.86","1,463.34",166,"2,431",AMZ,5.61,24,4.7,218,7,15,Amazon,Beauty,Large Envelope,AMZ,21.90 x 3.80 x 8.10 cm,0.49,N/A,"Feb 6, 2025",,No,14,Amazon
43.,"La Roche-Posay | Lipikar Routine | AP+ Lavante Oil & AP+M Balm | Repairs, Soothes and Hydrates | Suitable for Dry, Very Dry and Atopic Skin | From Birth | 400ml x 2",B0FFTH6ZJX,Cream,https://www.amazon.es/dp/B0FFTH6ZJX?psc=1,"https://m.media-amazon.com/images/I/71WAENV-ksL._AC_SY355_PIbundle-2,TopRight,0,0_SH20_.jpg",La Roche-Posay,53.95,24,24,N/A,"1,317.85","1,317.72",164,"37,681",ES,11.94,1,4.1,10,8,0,Distribuidor de Parafarmacia,Beauty,Extra Large Envelope,FBA,20.50 x 6.00 x 13.00 cm,0.8,N/A,"Jun 27, 2025",,No,10,Distribuidor de Parafarmacia
47.,"BIODERMA Atoderm Shower Oil – Soothing and Anti-Rhythant Cleanser – Immediate Comfort and Hydration for 24 Hours – Sensitive, Very Dry or Irritated Skin – Container with 1 Litre Dispenser",B00ZY65OSI,Wash,https://www.amazon.es/dp/B00ZY65OSI?psc=1,https://m.media-amazon.com/images/I/615ZenpkpGL._AC_SY355_.jpg,Bioderma,18.12,132,132,50,"1,921","1,920.48",187,"6,399",AMZ,7.15,32,4.7,"30,183",8,269,Amazon,Beauty,Small Parcel,AMZ,21.50 x 7.80 x 10.50 cm,1.17,N/A,"Aug 27, 2015",,No,128,Amazon
48.,SEBAMED Soap-free emulsion with olive oil,B0BD8JLWVY,Check,https://www.amazon.es/dp/B0BD8JLWVY?psc=1,https://m.media-amazon.com/images/I/71-Uf1072pL._SX342_.jpg,Sebamed,25.6,746,87,50,"11,511.34","2,184.91",41,"2,441",AMZ,8.23,12,4.6,528,6,7,Amazon,Beauty,Small Parcel,AMZ,23.40 x 6.40 x 23.00 cm,1.79,N/A,"Sep 6, 2022",,No,43,Amazon
55.,Dove Advanced Care Relaxing Shower Gel Jasmine and Coconut Milk 400ml,B0D44YZG6B,Check,https://www.amazon.es/dp/B0D44YZG6B?psc=1,https://m.media-amazon.com/images/I/41FaNWf476L._AC_SY355_.jpg,Dove,3.95,498,498,200,"1,967.16","1,967.03",69,"1,934",AMZ,3.32,1,4.6,77,5,7,Amazon,Beauty,Large Envelope,AMZ,20.70 x 3.60 x 8.00 cm,0.45,N/A,"May 14, 2024",,No,23,Amazon
60.,"Atoderm Cleansing Oil | Immediate Hydration and Comfort | Intensely Nourishes | Cleans, Lipidizes and Soothes Irritations | Very Good Tolerance | Set of 2x1L",B0CXTMQ54T,Wash,https://www.amazon.es/dp/B0CXTMQ54T?psc=1,https://m.media-amazon.com/images/I/71NCI03jdgL._AC_SY355_.jpg,PARAVOSTRA,39.41,125,125,50,"4,995.65","4,994.76",157,"3,806",FR,11.41,1,4.8,136,2,10,WEB-MARKET,Beauty,Small Parcel,FBA,22.00 x 7.90 x 21.30 cm,2.35,N/A,"Mar 12, 2024",,No,25,WEB-MARKET
63.,Yves Rocher Monoi Dry Oil Multi-Purpose Moisturizing – Hydration and Exotic Fragrance for Skin and Hair – Spray Format – Made in France – 125 ml,B0CRS1CKW4,Other,https://www.amazon.es/dp/B0CRS1CKW4?psc=1,https://m.media-amazon.com/images/I/41j7iDNeR2L._AC_SY355_.jpg,Yves Rocher,12.99,112,112,50,"1,454.58","1,453.3",144,"7,537",ES,6.54,1,4.4,237,6,15,YVES ROCHER,Beauty,Large Envelope,FBA,15.00 x 3.30 x 5.10 cm,0.14,N/A,"Jan 8, 2024",,No,27,YVES ROCHER
89.,"Dove Advanced Care Gel De Ducha Hidratación Profunda Hidratantes Naturales, 3 x 400 ml",B0D7CRM1YY,Check,https://www.amazon.es/dp/B0D7CRM1YY?psc=1,https://m.media-amazon.com/images/I/71jQmMp6TXL._AC_SY355_.jpg,Dove,11.85,423,423,200,"5,007.05","5,006.93",86,"3,447",AMZ,5.99,1,4.6,264,6,14,Amazon,Beauty,Small Parcel,AMZ,25.80 x 4.10 x 20.80 cm,1.37,N/A,"Jun 18, 2024",,No,22,Amazon
91.,"MUSSVITAL Dermactive Body Wash for Atopic Skin, White, No Specific Fragrance, 750 ml",B078X2DFYT,Wash,https://www.amazon.es/dp/B078X2DFYT?psc=1,https://m.media-amazon.com/images/I/51QivsFqBIL._AC_SY355_.jpg,MUSSVITAL,11.99,196,196,100,"2,354.68","2,352.55",84,"4,807",AMZ,5.03,6,4.4,246,5,1,Amazon,Beauty,Extra Large Envelope,AMZ,26.80 x 5.20 x 9.80 cm,0.78,N/A,"Jan 26, 2018",,No,99,Amazon
95.,SWEET ALMOND OIL Moisturizing Shower gel 650 ml,B096YLNTHC,Check,https://www.amazon.es/dp/B096YLNTHC?psc=1,https://m.media-amazon.com/images/I/61XIF3YeUnL._AC_SY355_.jpg,Natural Honey,1.89,647,647,300,"1,254.51","1,253.15",47,969,AMZ,3.53,1,4.6,134,14,16,Amazon,Beauty,Extra Large Envelope,AMZ,30.80 x 6.00 x 11.20 cm,0.77,N/A,"Jun 9, 2021",,No,58,Amazon
115.,"Repavar Atopic Piel – Ultra-Soft and Anti-Irritant Body Wash – Relieves Itching and Strengthens the Aggravated Skin Barrier – For Atopic, Dry and Very Dry Skin – 750 ml",B009SM834Q,Wash,https://www.amazon.es/dp/B009SM834Q?psc=1,https://m.media-amazon.com/images/I/51cqC5H9FsL._AC_SY355_.jpg,Atopic-Piel,16.11,100,100,50,"1,704.84","1,704.25",168,"8,843",AMZ,6.38,11,4.2,144,2,0,Amazon,Beauty,Extra Large Envelope,AMZ,26.60 x 6.00 x 8.40 cm,0.86,N/A,"Oct 18, 2012",,No,162,Amazon
134.,"Shower Gel, Bath Soap & Shampoo (Body, Face & Hair) Combats Body Odor - Purifies, Detoxifies & Deep Cleanses Skin - 500ml",B072MX7RL3,Other,https://www.amazon.es/dp/B072MX7RL3?psc=1,https://m.media-amazon.com/images/I/71gWtAjAG2L._AC_SY355_.jpg,bleu & marine Bretania,17.09,121,84,N/A,"1,901.74","1,367.28",121,"4,244",AMZ,6.41,2,4.3,"2,081",7,5,Amazon,Beauty,Extra Large Envelope,AMZ,21.40 x 5.80 x 5.80 cm,0.53,N/A,"Aug 17, 2016",,No,116,Amazon
1.,"Heel - Dermaveel Cream for Atopic Dermatitis, with Ectoin, Hazel Bark Extract and Lamellar Cream, Relieves Itching, Reduces Inflammation and Hydrates - 30ml",B01FFST6UG,Cream,https://www.amazon.es/dp/B01FFST6UG?psc=1,https://m.media-amazon.com/images/I/41htbWnwFTL._AC_SY355_.jpg,Dermaveel,7.99,664,664,400,"5,224.26","5,219.37",156,"1,117",AMZ,3.64,15,4.5,369,11,6,Amazon,Beauty,Large Envelope,AMZ,13.40 x 2.90 x 3.80 cm,0.03,N/A,"May 10, 2016",Sponsored Brand,No,119,Amazon
2.,Dermaveel® Pro – Probiotics and Prebiotics with Biotin | Bifidobacterium & Lactobacillus | Support Gut Microbiota and Skin Health | Common Use in Atopic Dermatitis | 30 Capsules,B0792JS6D8,Check,https://www.amazon.es/dp/B0792JS6D8?psc=1,https://m.media-amazon.com/images/I/510RoRE4MyL._AC_SY355_.jpg,HEEL,19.2,189,189,100,"3,761.44","3,761.17",177,"3,532",AMZ,6.11,6,4.1,180,8,0,Amazon,Health & Household,Extra Large Envelope,AMZ,8.40 x 6.00 x 7.70 cm,0.06,N/A,"Jan 16, 2018",Sponsored Brand,No,99,Amazon
3.,"Heel - Dermaveel PureHydro, Emollient Cream with D-Panthenol and Defensil-Plus, Moisturizes, Protects, Softens, Regenerates and Reduces Dryness on Dry, Sensitive and Atopic Skin, Suitable for Babies -",B094G6DY6F,Cream,https://www.amazon.es/dp/B094G6DY6F?psc=1,https://m.media-amazon.com/images/I/41ATK4OYb+L._AC_SY355_.jpg,HEEL,12.95,86,86,50,"1,110.9","1,109.88",200,"4,421",AMZ,6.78,3,4.8,38,7,0,Amazon,Baby Products,Extra Large Envelope,AMZ,18.20 x 4.90 x 7.50 cm,0.22,N/A,"May 8, 2021",Sponsored Brand,No,59,Amazon
14.,"Laboratorios Babé - Pediatric Emollient Cream 200 ml, Regenerating, Dry Skin, With Essential Fatty Acids, Omega 3, 6 and 9, Atopic Dermatitis, Atopic Skin, For Baby, Child Care",B0041MH0PQ,Cream,https://www.amazon.es/dp/B0041MH0PQ?psc=1,https://m.media-amazon.com/images/I/51zsiPX7qqL._AC_SX342_.jpg,LABORATORIOS BABE,13.29,92,92,50,"1,227.05","1,226.01",176,"5,624",AMZ,5.84,10,4.5,259,4,3,Amazon,Beauty,Extra Large Envelope,AMZ,18.69 x 5.31 x 6.71 cm,0.26,N/A,"Mar 1, 2013",,No,157,Amazon
15.,"ISDIN Nutratopic Pro-AMP Lotion, Emollient Body Lotion, Helps Relieve Itchy Atopic Skin, 400 ml",B07Q6GKZ4R,Check,https://www.amazon.es/dp/B07Q6GKZ4R?psc=1,https://m.media-amazon.com/images/I/61AZDXro30L._SX342_.jpg,ISDIN,22.59,491,491,200,"11,944.78","11,939.88",95,"2,351",AMZ,7.34,24,4.6,394,8,3,Amazon,Beauty,Small Parcel,AMZ,19.40 x 6.40 x 6.40 cm,0.43,N/A,"Mar 20, 2019",,No,85,Amazon
16.,"Mussvital Dermactive Skin Lotion for Atopic Skin 750 ml, Emollient Lotion, Hypoallergenic",B086Q4CNVX,Check,https://www.amazon.es/dp/B086Q4CNVX?psc=1,https://m.media-amazon.com/images/I/51zkwPR8QZL._AC_SY355_.jpg,MUSSVITAL,13.69,152,152,50,"1,890.47","1,889.41",89,"4,839",AMZ,6.99,10,4.4,197,5,5,Amazon,Beauty,Small Parcel,AMZ,24.20 x 8.20 x 9.40 cm,0.82,N/A,"Apr 12, 2018",,No,96,Amazon
17.,Avena Kinesia - Atopic Body Lotion 400ml,B01ITP39RS,Check,https://www.amazon.es/dp/B01ITP39RS?psc=1,https://m.media-amazon.com/images/I/51XubyHskDL._AC_SY355_.jpg,Avena Kinesia,4.5,314,314,100,"1,413.28","1,413.15",40,"3,366",AMZ,3.36,3,4.4,266,2,3,Amazon,Beauty,Large Envelope,AMZ,23.01 x 3.99 x 8.99 cm,0.4,N/A,"Jul 21, 2016",,No,117,Amazon
19.,"ISDIN Nutratopic Pro-Amp Emollient Cream, Fresh, Black, 200 ml (Pack of 1)",B00A7WFZ88,Cream,https://www.amazon.es/dp/B00A7WFZ88?psc=1,https://m.media-amazon.com/images/I/61KcD4FZq1L._SX342_.jpg,ISDIN,21.01,82,82,50,"1,723.32","1,723.2",74,"5,491",AMZ,7,19,4.6,834,1,1,Amazon,Beauty,Extra Large Envelope,AMZ,18.90 x 5.40 x 7.20 cm,0.22,N/A,"Sep 28, 2015",,No,127,Amazon
20.,"Xemose Universal Emollient Cream, 400 ml",B002WZD4DG,Cream,https://www.amazon.es/dp/B002WZD4DG?psc=1,https://m.media-amazon.com/images/I/51-gvWKc2gL._AC_SX355_.jpg,Uriage,15.41,105,105,50,"1,625.28","1,624.1",40,"7,883",PT,7.25,9,4.6,198,1,4,Love my Pharma,Beauty,Small Parcel,MFN,18.50 x 7.70 x 8.30 cm,0.49,N/A,"Aug 12, 2012",,No,164,Love my Pharma
24.,"Aveeno Dermexa Daily Emollient Cream (200ml), Daily Use Emollient Cream, Face Moisturizer for Atopic Skin, Body Lotion for Eczema Prone Skin",B005OT1P9W,Cream,https://www.amazon.es/dp/B005OT1P9W?psc=1,https://m.media-amazon.com/images/I/71Rvma9i6OL._AC_SY355_.jpg,Aveeno,19.9,70,70,N/A,"1,372.84","1,372.11",140,"8,016",AMZ,6.84,5,4.5,"1,536",7,15,Amazon,Beauty,Extra Large Envelope,AMZ,19.40 x 5.60 x 6.80 cm,0.24,N/A,"Aug 31, 2012",,No,164,Amazon
26.,ISDIN Psorisdin Emollient,B0CHK3H7V1,Check,https://www.amazon.es/dp/B0CHK3H7V1?psc=1,https://m.media-amazon.com/images/I/61MPkriw93L._SX342_.jpg,ISDIN,23.55,316,288,100,"7,561.39","6,774.54",25,"2,409",AMZ,7.48,15,4.3,565,8,10,Amazon,Beauty,Small Parcel,AMZ,19.50 x 6.40 x 6.40 cm,0.47,N/A,"Sep 7, 2023",,No,31,Amazon
28.,Instituto Español - Ultratopic Lotion - 300 ML,B0D8TKHL7S,Check,https://www.amazon.es/dp/B0D8TKHL7S?psc=1,https://m.media-amazon.com/images/I/71+aJiWpLJL._AC_SY355_.jpg,Instituto Español,4.7,235,235,100,"1,103.42","1,100.96",46,"3,500",AMZ,3.61,2,4.4,79,7,7,Amazon,Beauty,Extra Large Envelope,AMZ,19.30 x 4.20 x 8.40 cm,0.37,N/A,"Jul 4, 2024",,No,21,Amazon
31.,"Dexeryl Cream, 500 g",B0098G931Y,Cream,https://www.amazon.es/dp/B0098G931Y?psc=1,https://m.media-amazon.com/images/I/61L+5+7R4ML._AC_SY355_.jpg,Hengulus,15.99,723,723,N/A,"11,126.66","11,120.46",20,"3,118",N/A,6.25,6,4.6,"1,364",1,24,,Beauty,Extra Large Envelope,MFN,23.00 x 5.60 x 5.80 cm,0.56,N/A,"Dec 31, 2012",,No,160,
34.,"DEXERYL Cream - 3 Pack - Body Lotion, Dry Skin & Neurodermitis Treatment, Repair & Care Cream, 500ml, Moisturizer, Moisturizing Body Milk",B084ZKNCX1,Cream,https://www.amazon.es/dp/B084ZKNCX1?psc=1,"https://m.media-amazon.com/images/I/61uLEen+5CS._AC_SY355_PIbundle-3,TopRight,0,0_SH20_.jpg",DEXERYL,36.32,78,78,50,"2,984.47","2,984.31",137,"3,858",ES,9.97,3,4.6,127,7,2,Bigfarma,Beauty,Small Parcel,MFN,27.80 x 9.40 x 21.80 cm,1.71,N/A,"Sep 30, 2020",,No,67,Bigfarma
45.,BEPANTHOL Panthenol Tattoo Cream - Hydrates - Repairs Skin Post Tattoo and Preserves Tattoo Beauty - 30g - Preservative Free & Unscented,B01773JH10,Check,https://www.amazon.es/dp/B01773JH10?psc=1,https://m.media-amazon.com/images/I/71DFAImo1sL._AC_SY355_.jpg,BEPANTHOL,8.29,"3,772","1,935","1,000","39,373.02","16,396.1",136,77,AMZ,3.66,17,4.7,"6,121",7,76,Amazon,Beauty,Large Envelope,AMZ,13.50 x 3.70 x 3.70 cm,0.04,N/A,"Dec 16, 2020",,No,64,Amazon
51.,Instituto Español Hypoallergenic Body Milk for Atopic Skin - 300 ml,B00BN7XQGO,Cream,https://www.amazon.es/dp/B00BN7XQGO?psc=1,https://m.media-amazon.com/images/I/511quFRQcAS._AC_SY355_.jpg,Instituto Español,4.5,413,413,200,"1,857.24","1,857.13",67,"2,910",AMZ,3.36,10,4.6,"1,628",1,4,Amazon,Beauty,Extra Large Envelope,AMZ,19.40 x 4.10 x 8.30 cm,0.36,N/A,"Sep 28, 2015",,No,127,Amazon
53.,"Instituto Español Comprehensive Care Cream for Atopic Skin, 400 Milliliters",B00XAIPT0U,Cream,https://www.amazon.es/dp/B00XAIPT0U?psc=1,https://m.media-amazon.com/images/I/41RqrMdRgEL._AC_SY355_.jpg,Instituto Español,5.25,0,541,200,0,"2,839.68",75,"1,108",AMZ,4.37,14,3.7,6,1,3,Amazon,Beauty,Small Parcel,AMZ,10.20 x 8.70 x 9.80 cm,0.53,N/A,"Sep 28, 2015",,No,127,Amazon
55.,Radiation Therapy Damaged Skin Cream | Relieves and Protects Against Radiodermitis | Intensive and Restorative Hydration | Paraben Free | 150ml,B07RQ18P53,Check,https://www.amazon.es/dp/B07RQ18P53?psc=1,https://m.media-amazon.com/images/I/717osiQyOvL._AC_SY355_.jpg,PHARMAMEL,39.95,38,38,N/A,"1,524.73","1,524.61",143,"23,002",ES,9.84,1,3.8,12,6,0,MEL 13 YCV,Beauty,Extra Large Envelope,FBA,16.60 x 5.60 x 6.20 cm,0.18,N/A,"May 9, 2019",,No,83,MEL 13 YCV
59.,O Boticário Lily Moisturizing Body Cream | Scented Body Lotion | Lily Flower Long Fragrance and 48 Hours of Hydration | 250g,B010FKK9P0,Check,https://www.amazon.es/dp/B010FKK9P0?psc=1,https://m.media-amazon.com/images/I/51JtZoU95lL._AC_SY355_.jpg,O BOTICARIO,23.99,272,184,50,"7,228.09","4,406.44",124,"3,969",PT,7.4,4,4.6,"2,270",6,N/A,O_Boticário,Beauty,Small Parcel,FBA,10.80 x 7.70 x 10.59 cm,0.54,N/A,"Jan 11, 2016",,No,123,O_Boticário
2.,Acneic dermobalancing cleanser mousse: deeply cleans acne-prone skin respecting the skin microbiota. Suitable for sensitive skin. 150 ml.,B0DX47DN57,Wash,https://www.amazon.es/dp/B0DX47DN57?psc=1,https://m.media-amazon.com/images/I/41PZqACvr6L._AC_SY355_.jpg,VINCOBIOSIS,18.88,150,54,N/A,"3,461.67","1,018.35",137,"5,174",ES,6.59,13,4.8,31,6,0,J_COMMMERCE,Beauty,Small Envelope,MFN,1.00 x 1.00 x 1.00 cm,0,N/A,"Feb 13, 2025",Sponsored Brand,No,14,J_COMMMERCE
3.,"Acneic Dermobalancing Facial Cremigel: Helps reduce pimples, redness and other imperfections restoring balance to acne skin. Suitable for sensitive skin. 50 ml",B0DX4DSBMP,Check,https://www.amazon.es/dp/B0DX4DSBMP?psc=1,https://m.media-amazon.com/images/I/31E+VURLtUL._AC_SY355_.jpg,VINCOBIOSIS,25.19,150,72,50,"3,461.67","1,822.25",159,"5,174",ES,8.28,13,4.8,31,8,0,J_COMMMERCE,Beauty,Small Parcel,MFN,11.00 x 8.00 x 8.00 cm,0,N/A,"Feb 13, 2025",Sponsored Brand,No,14,J_COMMMERCE
6.,"CeraVe Limpiador en Aceite Espumoso Hidratante, Para Pieles Normales a Muy Secas con Tendencia Atópica, Para Rostro y Cuerpo, Limpia e Hidrata, Enriquecido con Ácido Hialurónico, 473ml",B0967LDZ7R,Wash,https://www.amazon.es/dp/B0967LDZ7R?psc=1,https://m.media-amazon.com/images/I/71ARYOCHBCL._SX342_.jpg,CeraVe,15.2,"2,827","1,199",400,"32,599.51","18,141.32",184,153,AMZ,6.15,14,4.6,"10,161",7,150,Amazon,Beauty,Extra Large Envelope,AMZ,18.80 x 4.80 x 8.40 cm,0.54,N/A,"Nov 5, 2025",,No,5,Amazon
14.,"La Roche Posay Gel- Crema de Ducha, Limpiador, Relipidizante, Anti-Irritación, Nutre y Calma, Enriquecido con Niacinamida, Para Pieles Secas y Atópicas, Lipikar Syndet AP+, 400 ml",B01LTGM28G,Wash,https://www.amazon.es/dp/B01LTGM28G?psc=1,https://m.media-amazon.com/images/I/61cz6zoDRtL._SX342_.jpg,La Roche-Posay,12.99,281,211,N/A,"3,468.45","2,792.27",179,"3,680",AMZ,5.8,16,4.6,"4,837",6,75,Amazon,Beauty,Extra Large Envelope,AMZ,19.90 x 5.90 x 14.50 cm,0.53,N/A,"Sep 16, 2016",,No,115,Amazon
17.,"CeraVe Foaming Cleansing Gel, For Normal to Oily Skin, Removes Excess Oil and Dirt, Enriched with Essential Ceramides, Niacinamide and Hyaluronic Acid, Suitable for Face and Body, 473 ml",B07C5XD33D,Check,https://www.amazon.es/dp/B07C5XD33D?psc=1,https://m.media-amazon.com/images/I/61zf6W+qqkL._SX342_.jpg,CeraVe,11.76,"1,887","1,887","2,000","22,195.52","22,195.42",186,30,AMZ,4.99,16,4.7,"53,966",9,578,Amazon,Beauty,Extra Large Envelope,AMZ,18.70 x 4.70 x 8.70 cm,0.54,N/A,"Dec 21, 2023",,No,28,Amazon
21.,"CeraVe Limpiador en Aceite Espumoso Hidratante, Para Pieles Normales a Muy Secas con Tendencia Atópica, Para Rostro y Cuerpo, Limpia e Hidrata, Enriquecido con Ácido Hialurónico, 473ml",B09CCJD53W,Wash,https://www.amazon.es/dp/B09CCJD53W?psc=1,https://m.media-amazon.com/images/I/51xAIwj5PTL._SX342_.jpg,CeraVe,13.92,"2,827","1,628",N/A,"32,599.51","14,443.1",184,219,AMZ,5.69,7,4.6,"10,161",1,195,Amazon,Beauty,Large Envelope,AMZ,17.10 x 3.40 x 6.90 cm,0.28,N/A,"Sep 6, 2021",,No,55,Amazon
26.,Isdin Nutratopic Pro-AMP Emollient Bath Gel (Atopic Skin) - 750 ml (690013153),B00BN7XF2E,Wash,https://www.amazon.es/dp/B00BN7XF2E?psc=1,https://m.media-amazon.com/images/I/61lmIepxRiL._SX342_.jpg,ISDIN,19.99,139,139,100,"2,777.25","2,775.75",78,"4,534",AMZ,6.95,21,4.4,"1,004",7,13,Amazon,Beauty,Small Parcel,AMZ,21.30 x 7.70 x 7.80 cm,0.8,N/A,"Jul 28, 2014",,No,141,Amazon
27.,"Avena Kinesia - Alcohol-free Emollient Bath Gel for Sensitive and Atopic Skin, Hypoallergenic Formula with 100% Natural Oatmeal - Pack of 4 x 750ml",B0BGQKLGVX,Wash,https://www.amazon.es/dp/B0BGQKLGVX?psc=1,https://m.media-amazon.com/images/I/81h3rvCPtkL._AC_SY355_.jpg,Avena Kinesia,11.95,144,144,50,"1,724.69","1,723.11",147,"5,182",AMZ,7.29,1,4.7,160,8,1,Amazon,Beauty,Small Parcel,AMZ,28.70 x 10.20 x 22.20 cm,3.41,N/A,"Sep 28, 2022",,No,43,Amazon
29.,"Neutrogena Hydro Boost Water Gel Cleanser (1 x 200ml) Facial Cleansing Gel for Removing Makeup and Dirt, Moisturizing Soap with Hyaluronic Acid",B01MDOJGDK,Check,https://www.amazon.es/dp/B01MDOJGDK?psc=1,https://m.media-amazon.com/images/I/61ZSJZQbP9L._AC_SY355_.jpg,Neutrogena,7.3,"9,005","9,005","3,000","65,319.78","65,318.03",143,51,AMZ,3.81,8,4.6,"14,920",8,70,Amazon,Beauty,Extra Large Envelope,AMZ,15.20 x 4.40 x 4.50 cm,0.22,N/A,"Nov 9, 2016",,No,113,Amazon
33.,"CeraVe Gel Limpiador Espumoso, Para Piel Normal a Grasa, Elimina el Exceso de Grasa y Suciedad, Enriquecido Con Ceramidas Esenciales, Niacinamida y Ácido Hialurónico, Apto para Rostro y Cuerpo, 473ml",B07C5SKVL7,Check,https://www.amazon.es/dp/B07C5SKVL7?psc=1,https://m.media-amazon.com/images/I/614qiRQqc3L._SX342_.jpg,CeraVe,9.25,"3,636",677,200,"42,658.93","6,700.52",199,53,AMZ,3.74,15,4.7,"43,174",10,342,Amazon,Beauty,Large Envelope,AMZ,17.20 x 3.45 x 7.00 cm,0.28,N/A,"Dec 21, 2023",,No,28,Amazon
45.,"La Roche Posay, Lipikar Physiological Shower Gel Relipidizing, With Niacinamide and Shea Butter, Soap and Paraben Free, for Sensitive and Dry Skin, 1L",B0DJPBRNDF,Wash,https://www.amazon.es/dp/B0DJPBRNDF?psc=1,https://m.media-amazon.com/images/I/51hTwyHSmAL._AC_SY355_.jpg,La Roche-Posay,14.49,"1,582","1,290",700,"21,995.12","18,575.61",150,332,N/A,7.37,23,4.6,"2,765",1,5,,Beauty,Small Parcel,MFN,22.40 x 8.90 x 9.00 cm,1.09,N/A,"Sep 22, 2024",,No,19,
46.,Ziaja Niacinamide Vitamin C.B3 Cleansing Gel 190ml,B0C89TBL99,Check,https://www.amazon.es/dp/B0C89TBL99?psc=1,https://m.media-amazon.com/images/I/61asocFk+TL._AC_SY355_.jpg,Ziaja,3.96,"1,878","1,878","1,000","7,435.29","7,435.17",50,218,AMZ,4.54,5,4.6,"1,201",4,33,Amazon,Beauty,Extra Large Envelope,AMZ,17.00 x 4.40 x 4.50 cm,0.22,N/A,"Jun 20, 2023",,No,34,Amazon
48.,"Eucerin pH5 Body Wash (1000ml), Gentle Face and Body Cleanser for Daily Use and Frequent Washes, Soap-Free Foam for the Whole Family, for Dry and Sensitive Skin",B004MIV6JA,Check,https://www.amazon.es/dp/B004MIV6JA?psc=1,https://m.media-amazon.com/images/I/618XRTV8IUL._SX342_.jpg,Eucerin,17.99,433,433,200,"7,230.52","7,229.18",160,"3,728",AMZ,6.76,21,4.7,162,7,7,Amazon,Beauty,Small Parcel,AMZ,26.80 x 6.30 x 10.90 cm,1.16,N/A,"Sep 6, 2012",,No,163,Amazon
51.,"CETAPHIL PRO REDNESS Control Facial Cleansing Foam, for Skin with Rosacea and Redness Tendency, 236ML",B082Y8TYSP,Wash,https://www.amazon.es/dp/B082Y8TYSP?psc=1,https://m.media-amazon.com/images/I/6133NaX-UmL._AC_SY355_.jpg,Cetaphil,14.45,971,792,400,"14,398.77","11,096.84",101,653,AMZ,5.77,9,4.5,189,10,N/A,Amazon,Beauty,Large Envelope,AMZ,19.10 x 3.60 x 7.00 cm,0.29,N/A,"Dec 20, 2019",,No,76,Amazon
52.,"La Roche Posay, Toleriane Dermo Facial Cleanser, Daily Cleansing Without Irritation, For Face and Eye Contour, With Glycerin, Hypoallergenic, For Very Sensitive Skin, 400 ml",B0052EM8L8,Wash,https://www.amazon.es/dp/B0052EM8L8?psc=1,https://m.media-amazon.com/images/I/51sJ+JP0hTL._AC_SY355_.jpg,La Roche-Posay,17.92,795,723,400,"13,712.25","12,342.63",173,999,AMZ,6.54,12,4.3,"5,525",1,124,Amazon,Beauty,Extra Large Envelope,AMZ,20.30 x 5.50 x 5.60 cm,0.45,N/A,"Sep 28, 2015",,No,127,Amazon
53.,"Garnier Pure Active Pack of 2 Purifying Cleansing Gel with Hyaluronic Acid, Ceramide and Clay, Removes Impurities, Grease and Makeup, 2 x 250 ml",B0CLD6JFMV,Check,https://www.amazon.es/dp/B0CLD6JFMV?psc=1,"https://m.media-amazon.com/images/I/711ey34d9LL._AC_SY355_PIbundle-2,TopRight,0,0_SH20_.jpg",Garnier,10.64,0,430,300,0,"4,591.37",144,"1,084",AMZ,6.54,2,4.4,468,8,N/A,Amazon,Beauty,Small Parcel,AMZ,19.40 x 7.60 x 9.00 cm,0.63,N/A,"Oct 19, 2023",,No,30,Amazon
54.,"Sensilis - Purify Essential Cleanser Cleansing Gel, Oily Combination Skin Hyaluronic Acid Zinc, Mattifying - 400 ml",B09FFFMZQ1,Check,https://www.amazon.es/dp/B09FFFMZQ1?psc=1,https://m.media-amazon.com/images/I/61N5cy8zCHL._AC_SY355_.jpg,Sensilis,10.99,334,141,100,"4,746.62","1,548.4",115,"1,702",AMZ,5.87,13,4.4,609,5,156,Amazon,Beauty,Extra Large Envelope,AMZ,21.00 x 5.60 x 5.70 cm,0.46,N/A,"Sep 3, 2021",,No,55,Amazon
55.,"Sanex Natural Prebiotic Atopiderm Nutri Repair, Shower or Bath Gel, Atopic Leather, Pack of 6 x 470 ml",B0CCPJH974,Wash,https://www.amazon.es/dp/B0CCPJH974?psc=1,"https://m.media-amazon.com/images/I/71Sf586zhmL._AC_SY355_PIbundle-6,TopRight,0,0_SH20_.jpg",Sanex,17.88,160,146,100,"3,327.41","2,612.33",102,"3,619",AMZ,9.17,1,4.5,285,11,N/A,Amazon,Beauty,Small Parcel,AMZ,28.40 x 10.80 x 21.30 cm,3.41,N/A,"Jul 24, 2023",,No,33,Amazon
56.,"NIVEA Derma Skin Clear - Facial Cleansing Gel - With Salicylic Acid, Niacinamide and Sea Salt - Deep Cleansing - Reduces Pores - Removes Blackheads - Imperfection Prone Skin - 150ml",B0BJ76DFPB,Check,https://www.amazon.es/dp/B0BJ76DFPB?psc=1,https://m.media-amazon.com/images/I/61yedIsX9LL._AC_SY355_.jpg,NIVEA,4.96,"1,407","1,407",800,"7,003.06","7,002.3",181,272,AMZ,3.4,8,4.5,"1,565",9,29,Amazon,Beauty,Large Envelope,AMZ,18.00 x 3.00 x 6.00 cm,0.18,N/A,"Oct 14, 2022",,No,42,Amazon
57.,"Sensilis - Gentle Cleansing Mousse, Espuma Limpiadora Facial sin Jabón, Hidrata, Calma y Protege de la Polución, con Ácido Hialurónico y Prebióticos, para Pieles Sensibles",B09FFFV1XX,Wash,https://www.amazon.es/dp/B09FFFV1XX?psc=1,https://m.media-amazon.com/images/I/51NCQX2vanL._SX342_.jpg,Sensilis,10.75,"1,061",568,400,"16,368.96","6,235.5",171,611,AMZ,4.84,11,4.4,738,6,21,Amazon,Beauty,Extra Large Envelope,AMZ,19.70 x 4.30 x 4.60 cm,0.27,N/A,"Sep 3, 2021",,No,55,Amazon
58.,"CeraVe - 16 oz moisturizing facial cleanser for daily cleansing, dry to normal skin",B01MSSDEPK,Check,https://www.amazon.es/dp/B01MSSDEPK?psc=1,https://m.media-amazon.com/images/I/51DbQev1thL._AC_SY355_.jpg,CeraVe,18.5,"1,438","1,438",800,"26,643.69","26,643.55",83,533,ES,6.63,6,4.6,"103,800",8,438,Botikpharm,Beauty,Extra Large Envelope,MFN,18.90 x 4.90 x 8.79 cm,0.54,N/A,"Jan 26, 2017",,No,111,Botikpharm
61.,"INIBSA Dermatological Body Wash, For Skin And Hair Care, Dermatological Savings Pack, 2 L (Pack of 2 x 1 L)",B01HZN1O2M,Other,https://www.amazon.es/dp/B01HZN1O2M?psc=1,"https://m.media-amazon.com/images/I/51Vc9xBhAGL._AC_SY355_PIbundle-2,TopRight,0,0_SH20_.jpg",Inibsa,6.99,"2,842","1,435","1,000","22,427.8","9,810.72",107,175,AMZ,6.06,13,4.5,"3,358",5,N/A,Amazon,Beauty,Small Parcel,AMZ,25.90 x 7.40 x 14.50 cm,2.21,N/A,"May 9, 2016",,No,119,Amazon
63.,"Eucerin DermoPure Clinical Purifying Cleansing Gel (400 ml), Cleansing Gel with Salicylic Acid for Acne-Prone and Sensitive Skin, Facial and Body Cleansing Gel for Oily Skin",B075KJKFNP,Check,https://www.amazon.es/dp/B075KJKFNP?psc=1,https://m.media-amazon.com/images/I/61E7Ft7VKZL._AC_SY355_.jpg,Eucerin,15.79,255,255,200,"3,722.04","3,721.3",173,"1,443",AMZ,6.04,45,4.6,"3,077",10,46,Amazon,Beauty,Extra Large Envelope,AMZ,21.40 x 5.30 x 5.30 cm,0.45,N/A,"Sep 12, 2017",,No,103,Amazon
47.,"URIAGE XEMOSE Anti-Itch Body Cream for Dry Skin with Atopic Eczema Prone I Soothe from the First Application, 48 Hour Anti-Reappearance Action Nourishing Lotion for Face and Body",B07Q4KFRG8,Cream,https://www.amazon.es/dp/B07Q4KFRG8?psc=1,https://m.media-amazon.com/images/I/61UOtITwKLL._AC_SY355_.jpg,Uriage,16.91,66,66,N/A,"1,157.81","1,157.2",178,"11,336",CH,6.39,10,4.6,307,8,8,DERMA EU,Beauty,Extra Large Envelope,FBA,17.90 x 5.60 x 6.70 cm,0.22,N/A,"May 11, 2019",,No,83,DERMA EU
49.,"Mitosyl, Dermoprotective Body Lotion, Deep Hydration, Sensitive and Atopic Skin, Vegan Formula with Shea Butter, 400 ml",B0CK8KD6YQ,Check,https://www.amazon.es/dp/B0CK8KD6YQ?psc=1,https://m.media-amazon.com/images/I/51I1t+mjSWL._AC_SY355_.jpg,Mitosyl,13.05,175,175,100,"2,274.68","2,274.28",119,"3,556",AMZ,5.7,15,4.7,154,7,8,Amazon,Beauty,Small Parcel,AMZ,17.50 x 8.00 x 8.00 cm,0.4,N/A,"Oct 2, 2023",,No,30,Amazon
50.,"GREEN CORNERSS CARE - Oat Moisturizing Cream | 280ml | Suitable for Skin with Atopic Dermatitis | With Prebiotics | 99% Natural | Perfect for the Whole Family, Suitable for Children Under 3 Years",B0DRKGHCM3,Cream,https://www.amazon.es/dp/B0DRKGHCM3?psc=1,https://m.media-amazon.com/images/I/31rizWCPpPL._AC_SY355_.jpg,Green Cornerss Care,19.89,500,500,N/A,"9,941.56","9,936.42",195,"2,898",N/A,6.83,2,4.7,110,9,7,,Beauty,Extra Large Envelope,MFN,19.80 x 5.10 x 5.30 cm,0.31,N/A,"Dec 26, 2024",,No,16,
59.,"DEXERYL Creams, 2 x 500 g cream",B084ZKD8TD,Cream,https://www.amazon.es/dp/B084ZKD8TD?psc=1,"https://m.media-amazon.com/images/I/61ufSGAExHL._AC_SY355_PIbundle-2,TopRight,0,0_SH20_.jpg",DEXERYL,26.9,45,45,N/A,"1,117.42","1,117.03",31,"23,229",N/A,8.25,9,4.7,671,8,3,,Beauty,Small Parcel,MFN,23.90 x 6.20 x 12.80 cm,1.13,N/A,"Sep 30, 2020",,No,67,
2.,"Sanex Neutral Moisturizing Shower Gel (4x600ml), with Essential Ingredients, 0% Sulphates*, 0% Soap and 0% Dyes, for All Skin Types, Lasting Hydration, Triple Action Technology",B0DCNYL5HK,Check,https://www.amazon.es/dp/B0DCNYL5HK?psc=1,"https://m.media-amazon.com/images/I/71JLkr9KQ6L._AC_SY355_PIbundle-4,TopRight,0,0_SH20_.jpg",Sanex,12.36,"1,101",935,500,"18,815.09","11,788.98",176,510,AMZ,7.35,1,4.6,171,10,29,Amazon,Beauty,Small Parcel,AMZ,26.00 x 10.40 x 20.40 cm,2.92,N/A,"Aug 9, 2024",Sponsored Brand,No,20,Amazon
17.,"ISDIN Germisdin Aloe Vera Body Hygiene and Hands, Body Wash Formulated with Antiseptic Agents, Recommended for Dry Skin",B09BBH8B78,Wash,https://www.amazon.es/dp/B09BBH8B78?psc=1,"https://m.media-amazon.com/images/I/61ZacSsVcaL._SX342_PIbundle-2,TopRight,0,0_AA342SH20_.jpg",ISDIN,26.38,955,781,400,"22,408.83","20,597.8",119,518,AMZ,9.58,2,4.6,"2,178",9,26,Amazon,Beauty,Small Parcel,AMZ,26.70 x 9.30 x 19.20 cm,2.39,N/A,"Jul 24, 2021",,No,57,Amazon
32.,SEBAMED Soap-free emulsion with olive oil,B00ENDH64I,Check,https://www.amazon.es/dp/B00ENDH64I?psc=1,https://m.media-amazon.com/images/I/51evjNDy6UL._SX342_.jpg,Sebamed,15.56,746,659,200,"11,511.34","9,321.27",41,"2,441",AMZ,6.39,19,4.6,528,5,6,Amazon,Beauty,Small Parcel,AMZ,22.50 x 5.90 x 11.60 cm,1.11,N/A,"Feb 13, 2015",,No,134,Amazon
33.,"ISDIN Germisdin Original Body Hygiene and Hands, Body Wash Formulated with Antiseptic Agents",B09BBHBDWW,Check,https://www.amazon.es/dp/B09BBHBDWW?psc=1,"https://m.media-amazon.com/images/I/61DjVCY4DxL._SX342_PIbundle-2,TopRight,0,0_AA342SH20_.jpg",ISDIN,25.1,"1,659","1,208",700,"35,622.03","30,319.54",92,375,AMZ,9.38,1,4.6,"6,137",6,60,Amazon,Beauty,Small Parcel,AMZ,26.50 x 9.60 x 19.20 cm,2.38,N/A,"Jul 24, 2021",,No,57,Amazon
38.,"ISDIN Body Wash for Sensitive Skin, Oatmeal, Fragrance Free, Unscented, Black, 750 ml (Pack of 1)",B00BN7XG1Y,Check,https://www.amazon.es/dp/B00BN7XG1Y?psc=1,https://m.media-amazon.com/images/I/61o9jeM16nL._SX342_.jpg,ISDIN,15.19,234,234,100,"3,758.92","3,758.73",97,"4,440",AMZ,6.36,11,4.5,276,7,N/A,Amazon,Beauty,Small Parcel,AMZ,24.30 x 8.20 x 10.90 cm,0.87,N/A,"Jul 28, 2014",,No,141,Amazon
39.,"Lactovit - Lactourea XXL Firming Bath Gel for Dry Skin, Anti-sagging Formula with Collagen and Visible Improvement of Firmness - 750ml",B0FJ8PV3PG,Check,https://www.amazon.es/dp/B0FJ8PV3PG?psc=1,https://m.media-amazon.com/images/I/61Ik06M5WIL._AC_SY355_.jpg,Lactovit,3.51,566,566,200,"1,970.65","1,967.69",134,"1,952",AMZ,3.53,1,4.3,55,6,15,Amazon,Beauty,Extra Large Envelope,AMZ,32.50 x 5.50 x 9.20 cm,0.88,N/A,"Jul 21, 2025",,No,9,Amazon
45.,Sebamed Soap-Free Emulsion,B07DMSPFF5,Wash,https://www.amazon.es/dp/B07DMSPFF5?psc=1,https://m.media-amazon.com/images/I/61OLF+j6BbL._SY445_.jpg,Sebamed,16.28,708,486,300,"10,602.5","6,495.45",26,932,AMZ,6.85,3,4.6,667,5,5,Amazon,Beauty,Small Parcel,AMZ,22.30 x 6.10 x 11.70 cm,1.14,N/A,"Jul 28, 2014",,No,141,Amazon
46.,Instituto Español Soft Gel 1250 ml,B0B3Y2GP7X,Check,https://www.amazon.es/dp/B0B3Y2GP7X?psc=1,https://m.media-amazon.com/images/I/51IluapXEcL._AC_SY355_.jpg,Instituto Español,2.95,594,594,300,"1,753.33","1,753.21",34,"1,102",AMZ,5.5,1,4.5,442,1,21,Amazon,Beauty,Small Parcel,AMZ,30.00 x 7.20 x 10.30 cm,1.38,N/A,"Jun 13, 2022",,No,46,Amazon
47.,"La Roche Posay Lipikar Physiological Shower Gel with Niacinamide and Shea Butter, Soap and Paraben Free, for Sensitive and Dry Skin, 400 ml",B00V4PHBO8,Wash,https://www.amazon.es/dp/B00V4PHBO8?psc=1,https://m.media-amazon.com/images/I/41l47rxxzOL._AC_SY355_.jpg,La Roche-Posay,11,"1,582",292,50,"21,995.12","3,409.2",139,442,AMZ,4.88,9,4.6,"2,765",1,87,Amazon,Beauty,Extra Large Envelope,AMZ,20.00 x 5.40 x 5.60 cm,0.45,N/A,"Apr 24, 2015",,No,132,Amazon
48.,ISDIN Psorisdin Bath Gel 500ml,B005EHV85A,Wash,https://www.amazon.es/dp/B005EHV85A?psc=1,https://m.media-amazon.com/images/I/61WHZ2j44IL._SX342_.jpg,ISDIN,11.94,386,386,100,"4,609.42","4,605.42",30,"3,660",AMZ,5.74,13,4.4,998,7,4,Amazon,Beauty,Small Parcel,AMZ,26.70 x 6.80 x 7.80 cm,0.59,N/A,"Aug 18, 2012",,No,164,Amazon
52.,"Lactacyd Derma Body Wash, Soap Free, Sensitive Skin, Preserves the Natural Defenses of the Skin, 1000 ml",B00GY2BBL0,Check,https://www.amazon.es/dp/B00GY2BBL0?psc=1,https://m.media-amazon.com/images/I/61bQhPXO2HL._SY445_.jpg,Lactacyd,8.93,127,127,N/A,"1,133.31","1,132.7",104,"11,908",AMZ,4.92,14,4.1,258,3,1,Amazon,Beauty,Small Parcel,AMZ,24.30 x 8.10 x 8.20 cm,1.05,N/A,"Sep 28, 2015",,No,127,Amazon
53.,"ISDIN Germisdin Aloe Vera Body Hygiene and Hands, Body Wash Formulated with Antiseptic Agents, Recommended for Dry Skin",B07DVVD19V,Wash,https://www.amazon.es/dp/B07DVVD19V?psc=1,https://m.media-amazon.com/images/I/618zigxmpiL._SX342_.jpg,ISDIN,10.19,955,173,100,"22,408.83","1,801.82",119,466,AMZ,6.68,14,4.6,"2,178",8,29,Amazon,Beauty,Small Parcel,AMZ,21.70 x 7.80 x 10.00 cm,0.58,N/A,"Jun 12, 2018",,No,94,Amazon
54.,"ISDIN GermAloe Vera Body Hygiene, Fresh, Black, 1 Unit, 1000 ml",B00J5FY4PS,Check,https://www.amazon.es/dp/B00J5FY4PS?psc=1,https://m.media-amazon.com/images/I/41Dt7YyA6qL._SX342_.jpg,ISDIN,12.9,296,296,100,"3,839.17","3,836.61",63,"5,661",AMZ,7.14,19,4.6,996,8,7,Amazon,Beauty,Small Parcel,AMZ,26.00 x 8.90 x 12.30 cm,1.13,N/A,"Sep 28, 2015",,No,127,Amazon
55.,"Old Spice Wolfthorn Shower Gel and Shampoo for Men 2 x 1000 ml, 3 in 1 Multi-Purpose Gel for Face, Body and Hair, Lasting Freshness, Exceptional Fragrance, Deep Cleansing",B08F7TFXT5,Check,https://www.amazon.es/dp/B08F7TFXT5?psc=1,https://m.media-amazon.com/images/I/81Gsx5PDv5L._AC_SY355_.jpg,Old Spice,10.99,196,196,100,"2,835.26","2,834.68",170,253,AMZ,7.15,1,4.6,197,11,9,Amazon,Beauty,Small Parcel,AMZ,22.90 x 7.30 x 22.80 cm,2.29,N/A,"May 28, 2024",,No,23,Amazon
58.,"Inibsa Geles Dermatological Gel 1000 ml, Shower Gel for Skin and Hair Care, Dermatological Saver, Pack of 4 (4 x 1000 ml)",B07QC683HZ,Other,https://www.amazon.es/dp/B07QC683HZ?psc=1,"https://m.media-amazon.com/images/I/71ySK0Ge13L._AC_SY355_PIbundle-4,TopRight,0,0_SH20_.jpg",Inibsa,13.75,"2,842",541,400,"22,427.8","7,081.38",121,175,AMZ,9.01,1,4.5,"3,358",5,N/A,Amazon,Beauty,Standard Parcel,AMZ,26.50 x 14.90 x 15.20 cm,4.45,N/A,"Mar 25, 2019",,No,85,Amazon
61.,Instituto Español Creamy Bath Gel with Shea Butter 1250 Ml,B08B981F4X,Check,https://www.amazon.es/dp/B08B981F4X?psc=1,https://m.media-amazon.com/images/I/51S-1pFcoNL._AC_SY355_.jpg,Instituto Español,2.48,"1,048","1,048",500,"2,599.02","2,598.88",58,385,AMZ,4.51,1,4.7,707,1,19,Amazon,Beauty,Small Parcel,AMZ,29.70 x 7.00 x 11.40 cm,1.4,N/A,"Jun 16, 2020",,No,70,Amazon
62.,"GREEN CORNERSS CARE - Purple Rice Body Wash | 400ml | 96% Natural | Suitable for Skin with Atopic Dermatitis | With Postbiotics | Perfect for the Whole Family, Suitable for Children Under 3 Years",B0DNRCN9C7,Wash,https://www.amazon.es/dp/B0DNRCN9C7?psc=1,https://m.media-amazon.com/images/I/51U3DkEsemL._AC_SY355_.jpg,Green Cornerss Care,16,131,131,50,"2,103.3","2,103.17",195,"5,118",ES,N/A,1,4.7,34,8,1,Green Cornerss,Beauty,N/A,MFN,N/A,N/A,N/A,"Nov 21, 2024",,No,17,Green Cornerss
63.,"Natural Honey, Shower Gel with Natural Coconut Extract Moisturizing and Softening, with Hydradermal Complex for Soft, Fresh and Protected Skin, Tropical Scent, Sensations Line, 650 ml",B0C637Z4Z7,Check,https://www.amazon.es/dp/B0C637Z4Z7?psc=1,https://m.media-amazon.com/images/I/61Scka83BvL._AC_SY355_.jpg,Natural Honey,1.95,582,582,300,"1,128.69","1,127.24",183,"1,229",AMZ,3.53,1,4.6,88,11,17,Amazon,Beauty,Extra Large Envelope,AMZ,27.50 x 4.70 x 8.70 cm,0.85,N/A,"May 24, 2023",,No,35,Amazon
89.,Corine de Farme - Kids 2 in 1 Shower Gel for Children - Bath Product for Skin and Hair - Extra Soft - Strawberry Perfume - Natural Cosmetic - Made in France - Sensitive Skin - 300 ml,B08XJPRMV5,Other,https://www.amazon.es/dp/B08XJPRMV5?psc=1,https://m.media-amazon.com/images/I/51bUNPDtJcL._AC_SY355_.jpg,Corine de Farme,2.15,562,562,300,"1,207.4","1,207.27",182,"1,280",AMZ,3.3,1,4.5,492,5,12,Amazon,Beauty,Large Envelope,AMZ,16.90 x 3.90 x 7.30 cm,0.34,N/A,"Mar 6, 2022",,No,49,Amazon
95.,"Tahe Nature Sulfate-free Body Wash with Natural Polyphenols and Coconut and Flax Oils, 750 ml",B0C8JG4DKP,Check,https://www.amazon.es/dp/B0C8JG4DKP?psc=1,https://m.media-amazon.com/images/I/61u4CiE1pxL._AC_SX355_.jpg,Tahe,11.3,126,126,50,"1,391.96","1,391.22",93,"7,258",AMZ,6.64,3,4.6,25,3,0,Amazon,Beauty,Small Parcel,AMZ,24.80 x 9.30 x 9.80 cm,0.82,N/A,"Jun 19, 2023",,No,34,Amazon
104.,Urterkram Bath Gel Lemongrass 500 ml,B09RKLZ16Y,Check,https://www.amazon.es/dp/B09RKLZ16Y?psc=1,https://m.media-amazon.com/images/I/61JSQdKBJ2L._AC_SY355_.jpg,Urtekram,15.89,117,117,50,"1,850.48","1,850.14",36,"4,768",AMZ,6.33,6,4,87,6,4,Amazon,Beauty,Small Parcel,AMZ,18.90 x 6.20 x 6.40 cm,0.56,N/A,"Sep 29, 2022",,No,43,Amazon
105.,"Sanex Expert Care Shower Gel Protector, Pack of 4 x 600 ml, Formula with Natural Prebiotic, Strengthens the Protective Skin Barrier, 12H Hydration, 0% Sulfates, for All Skin Types",B0C2473T7S,Check,https://www.amazon.es/dp/B0C2473T7S?psc=1,"https://m.media-amazon.com/images/I/71jZvSL17NL._AC_SY355_PIbundle-4,TopRight,0,0_SH20_.jpg",Sanex,12.6,429,429,200,"5,399.38","5,399.23",179,"2,496",AMZ,7.39,1,4.7,322,12,10,Amazon,Beauty,Small Parcel,AMZ,25.80 x 11.70 x 19.90 cm,3.25,N/A,"Apr 11, 2023",,No,36,Amazon
111.,Dicora Vitamin C Bath Gel Citrus & Peach - 750 ml,B07GFQD1ZP,Check,https://www.amazon.es/dp/B07GFQD1ZP?psc=1,https://m.media-amazon.com/images/I/61bhHdXtnxL._AC_SY355_.jpg,Dicora UrbanFit,1.98,0,906,400,0,"1,793.24",49,702,AMZ,3.53,1,4.4,"1,204",4,38,Amazon,Beauty,Extra Large Envelope,AMZ,26.00 x 4.90 x 8.30 cm,0.84,N/A,"Aug 28, 2018",,No,92,Amazon
112.,"Natural Honey, Shower Gel with Nourishing and Firming Argan Extract, with Hydradermal Complex for Silky and Hydrated Skin, Natural Origin Ingredients, Sensations Line, 1350 ml",B0CNTLKR1R,Check,https://www.amazon.es/dp/B0CNTLKR1R?psc=1,https://m.media-amazon.com/images/I/61c2Vs2TRML._AC_SY355_.jpg,Natural Honey,3.54,354,354,100,"1,234.33","1,232.92",175,"3,085",AMZ,4.57,1,4.6,97,8,3,Amazon,Beauty,Small Parcel,AMZ,32.00 x 7.80 x 10.70 cm,1.49,N/A,"Nov 22, 2023",,No,29,Amazon
118.,Lactovit Shower Gel,B0BYDZ4H9V,Wash,https://www.amazon.es/dp/B0BYDZ4H9V?psc=1,https://m.media-amazon.com/images/I/71ZkJ9+sRYL._SX342_.jpg,Lactovit,15.36,"1,378",388,300,"9,330.1","5,949.01",19,469,AMZ,7.83,1,4.5,"1,438",6,10,Amazon,Beauty,Standard Parcel,AMZ,27.00 x 17.30 x 19.60 cm,3.83,N/A,"Mar 14, 2023",,No,37,Amazon
120.,Dicora Urban Fit Bath Gel Vitamin A Milk & Melon 750 ml,B07GFRLQBT,Check,https://www.amazon.es/dp/B07GFRLQBT?psc=1,https://m.media-amazon.com/images/I/51oXZhxTw2L._AC_SY355_.jpg,Dicora UrbanFit,1.98,0,773,400,0,"1,525.57",55,829,AMZ,3.53,1,4.5,"1,189",2,15,Amazon,Beauty,Extra Large Envelope,AMZ,26.60 x 5.20 x 9.20 cm,0.83,N/A,"Aug 28, 2018",,No,92,Amazon
130.,"Yoffee Anti-Bacterial Wash – Sanitizing Shower Gel – Antibacterial Soap with Tea Tree Oil and Coconut – Prevents, Removes and Prevents Bacteria-Relieves Itches, Irritations and Inflammations",B01N7ISSWU,Wash,https://www.amazon.es/dp/B01N7ISSWU?psc=1,https://m.media-amazon.com/images/I/61k9nAMR4fL._AC_SY355_.jpg,YOFFEE,19.9,341,320,200,"7,412.85","6,361.73",190,"2,037",ES,6.84,1,4.4,790,7,2,Beauty Solutions Ltd,Beauty,Extra Large Envelope,FBA,20.10 x 5.40 x 5.40 cm,0.36,N/A,"Dec 16, 2016",,No,112,Beauty Solutions Ltd
131.,"Lactovit - Moisturizing and Nourishing Shower Gel for Dry Skin with ProLactic10, Soft Creamy Texture and Daily Use for the Whole Family - 550ml",B0BYDWFYHV,Check,https://www.amazon.es/dp/B0BYDWFYHV?psc=1,https://m.media-amazon.com/images/I/619Hwh0RfCL._AC_SY355_.jpg,Lactovit,2.16,"1,104","1,104",600,"2,383.81","2,383.68",143,732,AMZ,4.51,1,4.5,323,7,12,Amazon,Beauty,Extra Large Envelope,AMZ,26.10 x 5.10 x 8.50 cm,0.62,N/A,"Mar 14, 2023",,No,37,Amazon
133.,"Urtekram Shower Gel Unscented - Fragrance Free - Find Balance Natural, Ecological and Vegan, 500 ml",B09RKM2SZK,Check,https://www.amazon.es/dp/B09RKM2SZK?psc=1,https://m.media-amazon.com/images/I/61N-zXSFyzL._AC_SY355_.jpg,Urtekram,15.89,545,414,200,"7,753.01","6,334.67",99,"2,189",AMZ,6.33,12,4,350,6,11,Amazon,Beauty,Small Parcel,AMZ,22.60 x 8.50 x 18.70 cm,0.57,N/A,"Apr 19, 2022",,No,48,Amazon
135.,"Sanex Expert Care Kids Shower Gel, Pack of 6 x 475 ml, Gel for Children, Hypoallergenic, 12H Hydration, Dermatologically Tested, Pediatrician Approved",B0C8Z8K343,Wash,https://www.amazon.es/dp/B0C8Z8K343?psc=1,"https://m.media-amazon.com/images/I/71XXaqzF4XL._AC_SY355_PIbundle-6,TopRight,0,0_SH20_.jpg",Sanex,17.88,91,91,50,"1,625.86","1,624.84",150,"5,668",AMZ,8.18,1,4.8,90,7,1,Amazon,Beauty,Small Parcel,AMZ,28.80 x 10.50 x 22.00 cm,3.35,N/A,"Jun 22, 2023",,No,34,Amazon
136.,"Instituto Español Coconut Bath Gel - 1250 Ml, Fruity",B07VMFSCTN,Check,https://www.amazon.es/dp/B07VMFSCTN?psc=1,https://m.media-amazon.com/images/I/51pzow3XXPL._SX342_.jpg,Instituto Español,2.48,0,881,400,0,"2,185.15",52,913,AMZ,4.51,3,4.6,"1,222",1,10,Amazon,Beauty,Small Parcel,AMZ,29.90 x 7.10 x 10.50 cm,1.4,N/A,"Jul 24, 2019",,No,81,Amazon
20.,"Elizabeth Arden - Cleansing Oil with Ceramides, Omega 3, 6, 9 and Vitamin E, Makeup Remover, Cleanses and Regenerates, Removes Impurities, Nourishes and Softens Skin - 195 ml",B017IZGN50,Check,https://www.amazon.es/dp/B017IZGN50?psc=1,https://m.media-amazon.com/images/I/61zME7fnrkL._SX342_.jpg,Elizabeth Arden,24.05,147,147,50,"3,967.68","3,967.08",174,"5,845",AMZ,8.44,1,4.4,781,2,4,Amazon,Beauty,Extra Large Envelope,AMZ,19.90 x 5.30 x 5.30 cm,0.3,N/A,"Feb 9, 2016",,No,122,Amazon
25.,L'OCCITANE - Aceite de ducha Almendra - Fabricado en Francia,B016XP62RK,Check,https://www.amazon.es/dp/B016XP62RK?psc=1,https://m.media-amazon.com/images/I/611s3vietIL._SX342_.jpg,L'Occitane,20,346,187,50,"7,248.05","3,732.25",60,"3,859",AMZ,6.85,1,4.6,"5,368",6,73,Amazon,Beauty,Extra Large Envelope,AMZ,16.10 x 4.50 x 6.80 cm,0.28,N/A,"Oct 21, 2015",,No,126,Amazon
30.,"O Boticário Nativa SPA Madagascar Vanilla Body Oil, Moisturizing Bath Oil, Massage and Shower for Women, Soft and Smooth Skin Feel, 200 ml (200 ml)",B0C9Y93YQZ,Check,https://www.amazon.es/dp/B0C9Y93YQZ?psc=1,https://m.media-amazon.com/images/I/61bNtKcRYHL._AC_SY355_.jpg,O BOTICARIO,18.99,176,119,50,"3,346.37","2,262.76",147,"4,585",PT,6.7,1,4.5,276,8,13,O_Boticário,Beauty,Small Parcel,FBA,14.40 x 6.10 x 7.90 cm,0.2,N/A,"Jul 2, 2023",,No,33,O_Boticário
41.,"Biotherm, Biosource Makeup Remover, Removes Impurities, Tones Skin, Cleanses and Removers, Enriched with Life Plankton, Total Renew Oil, For Dry Skin, 200 ml",B01AWRNM8M,Check,https://www.amazon.es/dp/B01AWRNM8M?psc=1,https://m.media-amazon.com/images/I/6190d9IuAjL._SX342_.jpg,Biotherm,15.93,137,137,50,"2,176.14","2,175.96",157,"4,974",AMZ,6.98,1,4.7,115,4,1,Amazon,Beauty,Large Envelope,AMZ,18.20 x 3.90 x 4.60 cm,0.24,N/A,"Mar 22, 2016",,No,121,Amazon
55.,"Lemongrass Facial Cleansing Oil, Vegetable Glycerin, Garnier Bio Lemongrass Belebendes Waschgel, Naturkosmetik, 150 ml",B082VN4YMF,Check,https://www.amazon.es/dp/B082VN4YMF?psc=1,https://m.media-amazon.com/images/I/71EiwHtSJpL._AC_SY355_.jpg,Garnier,8.78,129,129,50,"1,148.55","1,147.81",118,"6,064",AMZ,3.7,1,4.3,536,8,10,Amazon,Beauty,Large Envelope,AMZ,17.90 x 3.60 x 3.90 cm,0.19,N/A,"Jan 14, 2020",,No,75,Amazon
56.,"CeraVe Gel Limpiador Hidratante, Para Piel Normal a Seca, Limpia e Hidrata, Equilibrio de la Piel, Enriquecido Con Ceramidas Esenciales y Ácido Hialurónico, Apto para Rostro y Cuerpo, 473ml",B0DVLS23YF,Check,https://www.amazon.es/dp/B0DVLS23YF?psc=1,https://m.media-amazon.com/images/I/516fYiEJMdL._SX342_.jpg,CeraVe,9.49,"1,841","1,347",900,"19,621.13","13,189.4",189,270,AMZ,6.41,8,4.6,"37,943",7,333,Amazon,Beauty,Small Parcel,AMZ,18.40 x 6.50 x 13.70 cm,0.5,N/A,"Mar 5, 2025",,No,13,Amazon
57.,"CeraVe Gel Limpiador Espumoso, Para Piel Normal a Grasa, Elimina el Exceso de Grasa y Suciedad, Enriquecido Con Ceramidas Esenciales, Niacinamida y Ácido Hialurónico, Apto para Rostro y Cuerpo, 473ml",B0DVLG7GD1,Check,https://www.amazon.es/dp/B0DVLG7GD1?psc=1,https://m.media-amazon.com/images/I/716kjU8yknL._SX342_.jpg,CeraVe,10.16,"3,636","2,575","1,000","42,658.93","27,352.99",199,53,AMZ,5.47,9,4.7,"43,174",7,460,Amazon,Beauty,Small Parcel,AMZ,18.30 x 6.50 x 13.30 cm,0.47,N/A,"Mar 5, 2025",,No,13,Amazon
17.,"La Roche-Posay | Lipikar Baume AP+M Relipidating Balm | Triple Repair | Anti-itch, Anti-Recurrence, Immediately Relieves | Face and Body | Dry, Very Dry and Atopic Skin | Pack of 2x400ml",B0FJXXFCPP,Cream,https://www.amazon.es/dp/B0FJXXFCPP?psc=1,"https://m.media-amazon.com/images/I/61wHN3+-0ML._AC_SY355_PIbundle-2,TopRight,0,0_SH20_.jpg",La Roche-Posay,49.95,30,30,N/A,"1,494.92","1,494.79",186,"13,450",ES,11.44,1,3.8,11,9,2,FarmaciaChamberi,Beauty,Small Parcel,MFN,10.00 x 30.00 x 10.00 cm,0.4,N/A,"Jul 25, 2025",,No,9,FarmaciaChamberi
29.,ULTRATOPIC GEL,B0D8TKZWJF,Check,https://www.amazon.es/dp/B0D8TKZWJF?psc=1,https://m.media-amazon.com/images/I/61mrne1fFjL._AC_SY355_.jpg,Instituto Español,5.95,249,249,N/A,"1,340.36","1,337.83",14,"8,056",AMZ,3.71,3,4.4,46,8,2,Amazon,Beauty,Extra Large Envelope,AMZ,22.80 x 5.30 x 9.60 cm,0.58,N/A,"Jul 4, 2024",,No,21,Amazon
43.,Bioderma Atoderm Shower Gel Ecorefill 1 L,B0C8WYDL36,Wash,https://www.amazon.es/dp/B0C8WYDL36?psc=1,https://m.media-amazon.com/images/I/71tji3Bk8VL._AC_SY355_.jpg,Bioderma,12.27,85,85,50,"1,121.95","1,121.68",41,"13,400",ES,6.05,14,4.8,158,8,6,Dermofarma,Beauty,Small Parcel,FBA,22.30 x 7.00 x 14.50 cm,1.04,N/A,"Jun 21, 2023",,No,34,Dermofarma
48.,"Repavar, Atopic Skin Saver Pack, Bath Gel 750 ml and Body Lotion 500 ml, Soothe Itch and Protect the Skin Barrier, Active Ingredients, for Atopic Skin",B07N86CCQZ,Wash,https://www.amazon.es/dp/B07N86CCQZ?psc=1,https://m.media-amazon.com/images/I/71t69Sco7BL._AC_SY355_.jpg,Atopic-Piel,29.84,66,66,N/A,"1,981.27","1,980.86",150,"9,180",AMZ,8.75,4,4.4,112,2,0,Amazon,Beauty,Small Parcel,AMZ,27.00 x 6.80 x 16.30 cm,1.44,N/A,"Jan 30, 2019",,No,87,Amazon
17.,"Eucerin Atopicontrol Body Lotion 12% Omega, White, Fresh, 400 ml",B00FXQ6G5Y,Check,https://www.amazon.es/dp/B00FXQ6G5Y?psc=1,https://m.media-amazon.com/images/I/61wFZbxfIHL._AC_SY355_.jpg,Eucerin,19.01,85,85,50,"1,705.02","1,704.84",64,"3,583",AMZ,6.45,28,4.3,278,7,0,Amazon,Beauty,Large Envelope,AMZ,21.80 x 3.90 x 8.30 cm,0.45,N/A,"Oct 25, 2013",,No,150,Amazon
31.,Keter Rosewood Outdoor Storage Chest,B0D45M26KD,Cream,https://www.amazon.es/dp/B0D45M26KD?psc=1,https://m.media-amazon.com/images/I/71FZi9YVL+L._SX342_.jpg,Mixa,7.99,579,497,N/A,"4,446.4","3,549.55",36,"6,604",AMZ,3.95,4,4.6,660,8,75,Amazon,Beauty,Small Parcel,AMZ,9.30 x 8.90 x 9.10 cm,0.46,N/A,"May 14, 2024",,No,23,Amazon
34.,"DEXERYL Pflegecreme bei trockener Haut oder Neurodermitis, 250g Cream",B002M095AC,Cream,https://www.amazon.es/dp/B002M095AC?psc=1,https://m.media-amazon.com/images/I/51DJte9WwBL._AC_SY355_.jpg,DEXERYL,11.64,151,151,100,"1,922.65","1,922.03",69,"7,471",PT,5.99,5,4.6,"1,265",8,14,Be and Care,Beauty,Extra Large Envelope,MFN,25.60 x 5.79 x 9.19 cm,0.3,N/A,"Aug 7, 2012",,No,164,Be and Care
42.,"Repavar Atopic Skin - Extreme Body Cream to Relieve Intense Dryness - For Atopic, Dry and Very Dry Skin - Ideal for Treating Breakouts - 150 ml",B00J5FZLAK,Cream,https://www.amazon.es/dp/B00J5FZLAK?psc=1,https://m.media-amazon.com/images/I/71b9lBppJlL._AC_SY355_.jpg,REPAVAR,21.55,69,69,N/A,"1,482.26","1,481.44",143,"13,988",ES,7.08,9,4.5,208,11,N/A,Parafarmacia Paraval,Beauty,Extra Large Envelope,MFN,20.20 x 4.60 x 5.60 cm,0.18,N/A,"Nov 21, 2014",,No,137,Parafarmacia Paraval
43.,"Mixa Urea Cica Repair+ Body Cream for Very Dry Skin with 10% [Urea + Panthenol] Smooths, Reduces Roughness and Soothes, Suitable for Sensitive Skin 400ml",B0D45KJ86P,Check,https://www.amazon.es/dp/B0D45KJ86P?psc=1,https://m.media-amazon.com/images/I/81tI-8GgKAL._AC_SY355_.jpg,Mixa,7.59,21,"1,120",500,239.44,"9,636.08",153,420,AMZ,4.55,7,4.5,"1,266",8,202,Amazon,Beauty,Small Parcel,AMZ,10.40 x 9.20 x 9.60 cm,0.47,N/A,"May 14, 2024",,No,23,Amazon
53.,Mixa Niacidamide Bright Body Cream for Dull Skin with 9% [Shea Butter + Niacinamide + Vitamin Cg] Lightens Dark Spots Suitable for Sensitive Skin 400ml,B0DQLMXW1C,Cream,https://www.amazon.es/dp/B0DQLMXW1C?psc=1,https://m.media-amazon.com/images/I/7188AClTWsL._AC_SY355_.jpg,Mixa,6.48,947,947,600,"6,160.77","6,159.5",151,454,AMZ,5.46,1,4.6,"1,587",7,98,Amazon,Beauty,Small Parcel,AMZ,9.00 x 8.90 x 9.00 cm,0.46,N/A,"Feb 10, 2025",,No,14,Amazon
55.,Leti At-4 Body Milk 500Ml,B083KT27X3,Cream,https://www.amazon.es/dp/B083KT27X3?psc=1,https://m.media-amazon.com/images/I/41Lube0mZhL._AC_SY355_.jpg,Leti,23.5,180,145,N/A,"4,348.15","3,624.81",25,"5,600",N/A,7.38,13,4.6,453,5,1,,Beauty,Extra Large Envelope,MFN,21.00 x 5.00 x 7.40 cm,0.56,N/A,"Dec 9, 2015",,No,124,
56.,"CeraVe, Loción Hidratante de Rostro SPF 50, Para Piel Normal a Seca, Hidratación y Alta Protección Contra los Rayos UVB/UVA, Enriquecida con Ceramidas, 52ml",B09XN22JBT,Other,https://www.amazon.es/dp/B09XN22JBT?psc=1,https://m.media-amazon.com/images/I/61hcdkLPvYL._SX342_.jpg,CeraVe,14,"6,096","5,584","4,000","83,816.96","76,302.15",156,21,AMZ,5.7,20,4.6,"8,436",8,N/A,Amazon,Beauty,Large Envelope,AMZ,14.20 x 3.70 x 4.80 cm,0.07,N/A,"Jun 9, 2022",,No,46,Amazon
